(Corelare cu Mixul de Marketing)";Denumire elemente de casa;Nivel 1 de detaliere;Nivel 2 de detaliere;Nivel 3 de detaliere;Nivel 4 de detaliere;Grosime strat (mm);MP;Denumire în ofertă - RO;Cost/mp (euro fara tva);
Structuri Timberframe;Pereti;Pereti_Exteriori;Pereti_Exteriori_Prefab_PEp;Structura_lemn_PEp;45x100 C; 	100,00 ; 	1,00 ;Structură lemn C24 45x100 mm;;
Structuri Timberframe;Pereti;Pereti_Exteriori;Pereti_Exteriori_Prefab_PEp;Structura_lemn_PEp;45x150 C; 	150,00 ; 	1,00 ;Structură lemn C24 45x150 mm ;;
Structuri Timberframe;Pereti;Pereti_Exteriori;Pereti_Exteriori_Prefab_PEp;Structura_lemn_PEp;60x150 C; 	150,00 ; 	1,00 ;Structură lemn C24 60x150 mm;;
Structuri Timberframe;Pereti;Pereti_Exteriori;Pereti_Exteriori_Prefab_PEp;Structura_lemn_PEp;60x160 C; 	160,00 ; 	1,00 ;Structură lemn C24 60x160 mm;;
Structuri Timberframe;Pereti;Pereti_Exteriori;Pereti_Exteriori_Prefab_PEp;Structura_lemn_PEp;60x200 C; 	200,00 ; 	1,00 ;Structură lemn C24 60x200 mm;;
Structuri Timberframe;Pereti;Pereti_Exteriori;Pereti_Exteriori_Prefab_PEp;Structura_lemn_PEp;80x160 C; 	160,00 ; 	1,00 ;Structură lemn C24 80x160 mm;;
Structuri Timberframe;Pereti;Pereti_Exteriori;Pereti_Exteriori_Prefab_PEp;Structura_lemn_PEp;80x160 mix C+GL; 	160,00 ; 	1,00 ;Structură lemn mix C+GL24 80x160 mm;;
Structuri Timberframe;Pereti;Pereti_Exteriori;Pereti_Exteriori_Prefab_PEp;Placari_interioare_structura_PEp;OSB 12mm; 	12,00 ; 	1,00 ;OSB 3 12 mm;;
Structuri Timberframe;Pereti;Pereti_Exteriori;Pereti_Exteriori_Prefab_PEp;Placari_interioare_structura_PEp;OSB 15mm; 	15,00 ; 	1,00 ;OSB 3 15 mm;;
Structuri Timberframe;Pereti;Pereti_Exteriori;Pereti_Exteriori_Prefab_PEp;Placari_interioare_structura_PEp;FBV-montaj in fabrica ; 	-   ; 	1,00 ;Folie Barieră de Vapori;;
Structuri Timberframe;Pereti;Pereti_Exteriori;Pereti_Exteriori_Prefab_PEp;Termoizolatie_PEp;Rockwool Mutirock 0,037 100mm; 	100,00 ; 	1,00 ;Termoizolație Vată Bazaltică Rockwool Multirock λ = 0,037 W/mK 100 mm;;
Structuri Timberframe;Pereti;Pereti_Exteriori;Pereti_Exteriori_Prefab_PEp;Termoizolatie_PEp;Rockwool Mutirock 0,037 150mm; 	150,00 ; 	1,00 ;Termoizolație Vată Bazaltică Rockwool Multirock λ = 0,037 W/mK 150 mm;;
Structuri Timberframe;Pereti;Pereti_Exteriori;Pereti_Exteriori_Prefab_PEp;Termoizolatie_PEp;Rockwool Mutirock 0,037 160mm; 	160,00 ; 	1,00 ;Termoizolație Vată Bazaltică Rockwool Multirock λ = 0,037 W/mK 160 mm;;
Structuri Timberframe;Pereti;Pereti_Exteriori;Pereti_Exteriori_Prefab_PEp;Termoizolatie_PEp;Rockwool Mutirock 0,037 200mm; 	200,00 ; 	1,00 ;Termoizolație Vată Bazaltică Rockwool Multirock λ = 0,037 W/mK 200 mm;;
Structuri Timberframe;Pereti;Pereti_Exteriori;Pereti_Exteriori_Prefab_PEp;Termoizolatie_PEp;Rockwool Airrock ND λ = 0.035 W/mk 100mm; 	100,00 ; 	1,00 ;Termoizolație Vată Bazaltică Rockwool Airrock ND λ = 0,035 W/mK 100 mm;;
Structuri Timberframe;Pereti;Pereti_Exteriori;Pereti_Exteriori_Prefab_PEp;Termoizolatie_PEp;Rockwool Airrock ND λ = 0.035 W/mk 140mm; 	140,00 ; 	1,00 ;Termoizolație Vată Bazaltică Rockwool Airrock ND λ = 0,035 W/mK 140 mm;;
Structuri Timberframe;Pereti;Pereti_Exteriori;Pereti_Exteriori_Prefab_PEp;Termoizolatie_PEp;Rockwool Airrock ND λ = 0.035 W/mk 160mm; 	160,00 ; 	1,00 ;Termoizolație Vată Bazaltică Rockwool Airrock ND λ = 0,035 W/mK 160 mm;;
Structuri Timberframe;Pereti;Pereti_Exteriori;Pereti_Exteriori_Prefab_PEp;Termoizolatie_PEp;Rockwool Airrock ND λ = 0.035 W/mk 200mm; 	200,00 ; 	1,00 ;Termoizolație Vată Bazaltică Rockwool Airrock ND λ = 0,035 W/mK 200 mm;;
Structuri Timberframe;Pereti;Pereti_Exteriori;Pereti_Exteriori_Prefab_PEp;Termoizolatie_PEp;Isover Forte 0,034 100mm; 	100,00 ; 	1,00 ;Termoizolație Vată Minerală de Sticlă Isover Forte λ = 0,034 W/mK 100 mm;;
Structuri Timberframe;Pereti;Pereti_Exteriori;Pereti_Exteriori_Prefab_PEp;Termoizolatie_PEp;Isover Forte 0,034 150mm; 	150,00 ; 	1,00 ;Termoizolație Vată Minerală de Sticlă Isover Forte λ = 0,034 W/mK 150 mm;;
Structuri Timberframe;Pereti;Pereti_Exteriori;Pereti_Exteriori_Prefab_PEp;Termoizolatie_PEp;Isover Forte 0,034 160mm; 	160,00 ; 	1,00 ;Termoizolație Vată Minerală de Sticlă Isover Forte λ = 0,034 W/mK 160 mm;;
Structuri Timberframe;Pereti;Pereti_Exteriori;Pereti_Exteriori_Prefab_PEp;Termoizolatie_PEp;Isover Forte 0,034 200mm; 	200,00 ; 	1,00 ;Termoizolație Vată Minerală de Sticlă Isover Forte λ = 0,034 W/mK 200 mm;;
Structuri Timberframe;Pereti;Pereti_Exteriori;Pereti_Exteriori_Prefab_PEp;Termoizolatie_PEp;Isover Superprofi 0,032 100mm; 	100,00 ; 	1,00 ;Termoizolație Vată Minerală de Sticlă Isover Superprofi λ = 0,032 W/mK 100 mm;;
Structuri Timberframe;Pereti;Pereti_Exteriori;Pereti_Exteriori_Prefab_PEp;Termoizolatie_PEp;Isover Superprofi 0,032 150mm; 	150,00 ; 	1,00 ;Termoizolație Vată Minerală de Sticlă Isover Superprofi λ = 0,032 W/mK 150 mm;;
Structuri Timberframe;Pereti;Pereti_Exteriori;Pereti_Exteriori_Prefab_PEp;Termoizolatie_PEp;Isover Superprofi 0,032 160mm; 	160,00 ; 	1,00 ;Termoizolație Vată Minerală de Sticlă Isover Superprofi λ = 0,032 W/mK 160 mm;;
Structuri Timberframe;Pereti;Pereti_Exteriori;Pereti_Exteriori_Prefab_PEp;Termoizolatie_PEp;Isover Superprofi 0,032 200mm; 	200,00 ; 	1,00 ;Termoizolație Vată Minerală de Sticlă Isover Superprofi λ = 0,032 W/mK 200 mm;;
Structuri Timberframe;Pereti;Pereti_Exteriori;Pereti_Exteriori_Prefab_PEp;Termoizolatie_PEp;Steico Flex 100mm; 	100,00 ; 	1,00 ;Termoizolație Fibră de Lemn Steico Flex λ = 0,038 W/mK 100 mm;;
Structuri Timberframe;Pereti;Pereti_Exteriori;Pereti_Exteriori_Prefab_PEp;Termoizolatie_PEp;Steico Flex 140mm; 	140,00 ; 	1,00 ;Termoizolație Fibră de Lemn Steico Flex λ = 0,038 W/mK 140 mm;;
Structuri Timberframe;Pereti;Pereti_Exteriori;Pereti_Exteriori_Prefab_PEp;Termoizolatie_PEp;Steico Flex 160mm; 	160,00 ; 	1,00 ;Termoizolație Fibră de Lemn Steico Flex λ = 0,038 W/mK 160 mm;;
Structuri Timberframe;Pereti;Pereti_Exteriori;Pereti_Exteriori_Prefab_PEp;Termoizolatie_PEp;Steico Flex 200mm; 	200,00 ; 	1,00 ;Termoizolație Fibră de Lemn Steico Flex λ = 0,038 W/mK 200 mm;;
Structuri Timberframe;Pereti;Pereti_Exteriori;Pereti_Exteriori_Prefab_PEp;Termoizolatie_PEp;BEST WOOD FLEX 50 0.037W/mk 100mm; 	100,00 ; 	1,00 ;Termoizolație Fibră de Lemn Best Wood Flex 50 λ = 0,037 W/mK 100 mm;;
Structuri Timberframe;Pereti;Pereti_Exteriori;Pereti_Exteriori_Prefab_PEp;Termoizolatie_PEp;BEST WOOD FLEX 50 0.037W/mk 160mm; 	160,00 ; 	1,00 ;Termoizolație Fibră de Lemn Best Wood Flex 50 λ = 0,037 W/mK 140 mm;;
Structuri Timberframe;Pereti;Pereti_Exteriori;Pereti_Exteriori_Prefab_PEp;Termoizolatie_PEp;BEST WOOD FLEX 50 0.037W/mk 140mm; 	140,00 ; 	1,00 ;Termoizolație Fibră de Lemn Best Wood Flex 50 λ = 0,037 W/mK 160 mm;;
Structuri Timberframe;Pereti;Pereti_Exteriori;Pereti_Exteriori_Prefab_PEp;Termoizolatie_PEp;BEST WOOD FLEX 50 0.037W/mk 200mm; 	200,00 ; 	1,00 ;Termoizolație Fibră de Lemn Best Wood Flex 50 λ = 0,037 W/mK 200 mm;;
Structuri Timberframe;Pereti;Pereti_Exteriori;Pereti_Exteriori_Prefab_PEp;Placari_exterioare_structura_PEp;OSB 12mm; 	12,00 ; 	1,00 ;OSB 3 12 mm;;
Structuri Timberframe;Pereti;Pereti_Exteriori;Pereti_Exteriori_Prefab_PEp;Placari_exterioare_structura_PEp;OSB 15mm; 	15,00 ; 	1,00 ;OSB 3 15 mm;;
Structuri Timberframe;Pereti;Pereti_Exteriori;Pereti_Exteriori_Prefab_PEp;Placari_exterioare_structura_PEp;DHF 15mm; 	15,00 ; 	1,00 ;DHF 15 mm;;
Structuri Timberframe;Pereti;Pereti_Exteriori;Pereti_Exteriori_Prefab_PEp;Placari_exterioare_structura_PEp;Rigistabil; 	12,50 ; 	1,00 ;Placă RigiStabil  12,5 mm;;
Structuri Timberframe;Pereti;Pereti_Exteriori;Pereti_Exteriori_Prefab_PEp;Placari_exterioare_structura_PEp;Vidiwall HI 12,5 mm; 	12,50 ; 	1,00 ;Placă Knauf Vidiwall HI λ ≤ 0,30 W/mK 12,5 mm;;
Structuri Timberframe;Pereti;Pereti_Exteriori;Pereti_Exteriori_Prefab_PEp;Placari_exterioare_structura_PEp;Aquapanel; 	12,50 ; 	1,00 ;Placă de Ciment Knauf Aquapanel 12,5 mm;;
Structuri Timberframe;Pereti;Pereti_Exteriori;Pereti_Exteriori_Prefab_PEp;Placari_exterioare_structura_PEp;Fibra de lemn ; 	40,00 ; 	1,00 ;Fibră de Lemn Best Wood Multitherm 140 T+G λ = 0,40 W/mK 40 mm;;
Structuri Timberframe;Pereti;Pereti_Exteriori;Pereti_Exteriori_Prefab_PEp;Placari_exterioare_structura_PEp;FT-montaj in fabrica; 	-   ; 	1,00 ;Folie Permisivă la Transferul de Vapori;;
Structuri Timberframe;Pereti;Atic_prefab;Atic_prefab_Atp;Structura_lemn_Atp;45x100C; 	100,00 ; 	1,00 ;Structură lemn C24 45x100 mm;;
Structuri Timberframe;Pereti;Atic_prefab;Atic_prefab_Atp;Structura_lemn_Atp;45x150 C; 	150,00 ; 	1,00 ;Structură lemn C24 45x150 mm ;;
Structuri Timberframe;Pereti;Atic_prefab;Atic_prefab_Atp;Structura_lemn_Atp;60x160 C; 	160,00 ; 	1,00 ;Structură lemn C24 60x160 mm;;
Structuri Timberframe;Pereti;Atic_prefab;Atic_prefab_Atp;Placari_interioare_structura_Atp;OSB 12mm; 	12,00 ; 	1,00 ;OSB 3 12 mm;;
Structuri Timberframe;Pereti;Atic_prefab;Atic_prefab_Atp;Placari_interioare_structura_Atp;OSB 15mm; 	15,00 ; 	1,00 ;OSB 3 15 mm;;
Structuri Timberframe;Pereti;Atic_prefab;Atic_prefab_Atp;Placari_exterioare_structura_Atp;OSB 12mm; 	12,00 ; 	1,00 ;OSB 3 12 mm;;
Structuri Timberframe;Pereti;Atic_prefab;Atic_prefab_Atp;Placari_exterioare_structura_Atp;OSB 15mm; 	15,00 ; 	1,00 ;OSB 3 15 mm;;
Structuri Timberframe;Pereti;Atic_prefab;Atic_prefab_Atp;Placari_exterioare_structura_Atp;DHF 15mm; 	15,00 ; 	1,00 ;DHF 15 mm;;
Structuri Timberframe;Pereti;Atic_prefab;Atic_prefab_Atp;Placari_exterioare_structura_Atp;Rigistabil; 	12,50 ; 	1,00 ;Placă RigiStabil 12,5 mm;;
Structuri Timberframe;Pereti;Atic_prefab;Atic_prefab_Atp;Placari_exterioare_structura_Atp;Vidiwall HI 12,5 mm; 	12,50 ; 	1,00 ;Placă Knauf Vidiwall HI λ ≤ 0,30 W/mK 12,5 mm;;
Structuri Timberframe;Pereti;Atic_prefab;Atic_prefab_Atp;Placari_exterioare_structura_Atp;Aquapanel; 	12,50 ; 	1,00 ;Placă de Ciment Knauf Aquapanel 12,5 mm;;
Structuri Timberframe;Pereti;Atic_prefab;Atic_prefab_Atp;Placari_exterioare_structura_Atp;Fibra de lemn ; 	40,00 ; 	1,00 ;Fibră de Lemn Best Wood Multitherm 140 T+G λ = 0,40 W/mK 40 mm;;
Structuri Timberframe;Pereti;Accesorii_pereti_exteriori;Termosistem_Prefab_TSp;Termoizolatie_TSp;Termoizolatie, A1, Plasa, A2, Decorativa - 60 mm 60mm; 	60,00 ; 	1,00 ;Termosistem cu tencuială decorativă 60 mm;;
Structuri Timberframe;Pereti;Accesorii_pereti_exteriori;Termosistem_Prefab_TSp;Termoizolatie_TSp;Termoizolatie, A1, Plasa, A2, Decorativa - 100 mm 100mm; 	100,00 ; 	1,00 ;Termosistem cu tencuială decorativă 100 mm;;
Structuri Timberframe;Pereti;Accesorii_pereti_exteriori;Termosistem_Prefab_TSp;Termoizolatie_TSp;Termoizolatie, A1, Plasa, A2, Decorativa - 100 mm 100mm; 	100,00 ; 	1,00 ;Termosistem cu tencuială decorativă 100 mm;;
Structuri Timberframe;Pereti;Accesorii_pereti_exteriori;Termosistem_Prefab_TSp;Termoizolatie_TSp;Termoizolatie, A1, Plasa, A2, Decorativa - 150 mm 150mm; 	150,00 ; 	1,00 ;Termosistem cu tencuială decorativă 150 mm;;
Structuri Timberframe;Pereti;Accesorii_pereti_exteriori;Termosistem_Prefab_TSp;Termoizolatie_TSp;Termoizolatie, A1, Plasa, A2, Decorativa - 200 mm 200mm; 	200,00 ; 	1,00 ;Termosistem cu tencuială decorativă 200 mm;;
Structuri Timberframe;Pereti;Accesorii_pereti_exteriori;Termoizolatie_Fatada_Ventilata_Prefab_TFVp;Structura_lemn_TFVp;48x48; 	48,00 ; 	1,00 ;Structură lemn C24 48x48 mm;;
Structuri Timberframe;Pereti;Accesorii_pereti_exteriori;Termoizolatie_Fatada_Ventilata_Prefab_TFVp;Structura_lemn_TFVp;45x100; 	100,00 ; 	1,00 ;Structură lemn C24 45x100 mm;;
Structuri Timberframe;Pereti;Accesorii_pereti_exteriori;Termoizolatie_Fatada_Ventilata_Prefab_TFVp;Structura_lemn_TFVp;45x150; 	150,00 ; 	1,00 ;Structură lemn C24 45x150 mm ;;
Structuri Timberframe;Pereti;Accesorii_pereti_exteriori;Termoizolatie_Fatada_Ventilata_Prefab_TFVp;Structura_lemn_TFVp;45x200; 	200,00 ; 	1,00 ;Structură lemn C24 45x200 mm;;
Structuri Timberframe;Pereti;Accesorii_pereti_exteriori;Termoizolatie_Fatada_Ventilata_Prefab_TFVp;Termoizolatie_TFVp;Rockwool Mutirock 0,037 50mm; 	50,00 ; 	1,00 ;Termoizolație Vată Bazaltică Rockwool Multirock λ = 0,037 W/mK 50 mm;;
Structuri Timberframe;Pereti;Accesorii_pereti_exteriori;Termoizolatie_Fatada_Ventilata_Prefab_TFVp;Termoizolatie_TFVp;Rockwool Mutirock 0,037 100mm; 	100,00 ; 	1,00 ;Termoizolație Vată Bazaltică Rockwool Multirock λ = 0,037 W/mK 100 mm;;
Structuri Timberframe;Pereti;Accesorii_pereti_exteriori;Termoizolatie_Fatada_Ventilata_Prefab_TFVp;Termoizolatie_TFVp;Rockwool Mutirock 0,037 150mm; 	150,00 ; 	1,00 ;Termoizolație Vată Bazaltică Rockwool Multirock λ = 0,037 W/mK 150 mm;;
Structuri Timberframe;Pereti;Accesorii_pereti_exteriori;Termoizolatie_Fatada_Ventilata_Prefab_TFVp;Termoizolatie_TFVp;Rockwool Mutirock 0,037 200mm; 	200,00 ; 	1,00 ;Termoizolație Vată Bazaltică Rockwool Multirock λ = 0,037 W/mK 200 mm;;
Structuri Timberframe;Pereti;Accesorii_pereti_exteriori;Termoizolatie_Fatada_Ventilata_Prefab_TFVp;Termoizolatie_TFVp;Rockwool AirRock ND 50mm; 	50,00 ; 	1,00 ;Termoizolație Vată Bazaltică Rockwool Airrock ND λ = 0,035 W/mK 50 mm;;
Structuri Timberframe;Pereti;Accesorii_pereti_exteriori;Termoizolatie_Fatada_Ventilata_Prefab_TFVp;Termoizolatie_TFVp;Rockwool AirRock ND 100mm; 	100,00 ; 	1,00 ;Termoizolație Vată Bazaltică Rockwool Airrock ND λ = 0,035 W/mK 100 mm;;
Structuri Timberframe;Pereti;Accesorii_pereti_exteriori;Termoizolatie_Fatada_Ventilata_Prefab_TFVp;Termoizolatie_TFVp;Rockwool AirRock ND 140mm; 	140,00 ; 	1,00 ;Termoizolație Vată Bazaltică Rockwool Airrock ND λ = 0,035 W/mK 140 mm;;
Structuri Timberframe;Pereti;Accesorii_pereti_exteriori;Termoizolatie_Fatada_Ventilata_Prefab_TFVp;Termoizolatie_TFVp;Rockwool AirRock ND 200mm; 	200,00 ; 	1,00 ;Termoizolație Vată Bazaltică Rockwool Airrock ND λ = 0,035 W/mK 200 mm;;
Structuri Timberframe;Pereti;Accesorii_pereti_exteriori;Termoizolatie_Fatada_Ventilata_Prefab_TFVp;Termoizolatie_TFVp;Isover Forte 0,034 50mm; 	50,00 ; 	1,00 ;Termoizolație Vată Minerală de Sticlă Isover Forte λ = 0,034 W/mK 50 mm;;
Structuri Timberframe;Pereti;Accesorii_pereti_exteriori;Termoizolatie_Fatada_Ventilata_Prefab_TFVp;Termoizolatie_TFVp;Isover Forte 0,034 100mm; 	100,00 ; 	1,00 ;Termoizolație Vată Minerală de Sticlă Isover Forte λ = 0,034 W/mK 100 mm;;
Structuri Timberframe;Pereti;Accesorii_pereti_exteriori;Termoizolatie_Fatada_Ventilata_Prefab_TFVp;Termoizolatie_TFVp;Isover Forte 0,034 150mm; 	150,00 ; 	1,00 ;Termoizolație Vată Minerală de Sticlă Isover Forte λ = 0,034 W/mK 150 mm;;
Structuri Timberframe;Pereti;Accesorii_pereti_exteriori;Termoizolatie_Fatada_Ventilata_Prefab_TFVp;Termoizolatie_TFVp;Isover Forte 0,034 200mm; 	200,00 ; 	1,00 ;Termoizolație Vată Minerală de Sticlă Isover Forte λ = 0,034 W/mK 200 mm;;
Structuri Timberframe;Pereti;Accesorii_pereti_exteriori;Termoizolatie_Fatada_Ventilata_Prefab_TFVp;Termoizolatie_TFVp;Isover Superprofi 0,032 50mm; 	50,00 ; 	1,00 ;Termoizolație Vată Minerală de Sticlă Isover Superprofi λ = 0,032 W/mK 50 mm;;
Structuri Timberframe;Pereti;Accesorii_pereti_exteriori;Termoizolatie_Fatada_Ventilata_Prefab_TFVp;Termoizolatie_TFVp;Isover Superprofi 0,032 100mm; 	100,00 ; 	1,00 ;Termoizolație Vată Minerală de Sticlă Isover Superprofi λ = 0,032 W/mK 100 mm;;
Structuri Timberframe;Pereti;Accesorii_pereti_exteriori;Termoizolatie_Fatada_Ventilata_Prefab_TFVp;Termoizolatie_TFVp;Isover Superprofi 0,032 150mm; 	150,00 ; 	1,00 ;Termoizolație Vată Minerală de Sticlă Isover Superprofi λ = 0,032 W/mK 150 mm;;
Structuri Timberframe;Pereti;Accesorii_pereti_exteriori;Termoizolatie_Fatada_Ventilata_Prefab_TFVp;Termoizolatie_TFVp;Isover Superprofi 0,032 200mm; 	200,00 ; 	1,00 ;Termoizolație Vată Minerală de Sticlă Isover Superprofi λ = 0,032 W/mK 200 mm;;
Structuri Timberframe;Pereti;Accesorii_pereti_exteriori;Termoizolatie_Fatada_Ventilata_Prefab_TFVp;Termoizolatie_TFVp;ISOVER PLN  50mm; 	50,00 ; 	1,00 ;Termoizolație Vată Bazaltică Isover Pln λ = 0,034 W/mK 50 mm;;
Structuri Timberframe;Pereti;Accesorii_pereti_exteriori;Termoizolatie_Fatada_Ventilata_Prefab_TFVp;Termoizolatie_TFVp;ISOVER PLN  100mm; 	100,00 ; 	1,00 ;Termoizolație Vată Bazaltică Isover Pln λ = 0,034 W/mK 100 mm;;
Structuri Timberframe;Pereti;Accesorii_pereti_exteriori;Termoizolatie_Fatada_Ventilata_Prefab_TFVp;Termoizolatie_TFVp;ISOVER PLN  150mm; 	150,00 ; 	1,00 ;Termoizolație Vată Bazaltică Isover Pln λ = 0,034 W/mK 150 mm;;
Structuri Timberframe;Pereti;Accesorii_pereti_exteriori;Termoizolatie_Fatada_Ventilata_Prefab_TFVp;Termoizolatie_TFVp;ISOVER PLN  200mm; 	200,00 ; 	1,00 ;Termoizolație Vată Bazaltică Isover Pln λ = 0,034 W/mK 200 mm;;
Structuri Timberframe;Pereti;Accesorii_pereti_exteriori;Termoizolatie_Fatada_Ventilata_Prefab_TFVp;Termoizolatie_TFVp;Steico Flex 50mm; 	50,00 ; 	1,00 ;Termoizolație Fibră de Lemn Steico Flex λ = 0,038 W/mK 50 mm;;
Structuri Timberframe;Pereti;Accesorii_pereti_exteriori;Termoizolatie_Fatada_Ventilata_Prefab_TFVp;Termoizolatie_TFVp;Steico Flex 100mm; 	100,00 ; 	1,00 ;Termoizolație Fibră de Lemn Steico Flex λ = 0,038 W/mK 100 mm;;
Structuri Timberframe;Pereti;Accesorii_pereti_exteriori;Termoizolatie_Fatada_Ventilata_Prefab_TFVp;Termoizolatie_TFVp;Steico Flex 140mm; 	140,00 ; 	1,00 ;Termoizolație Fibră de Lemn Steico Flex λ = 0,038 W/mK 140 mm;;
Structuri Timberframe;Pereti;Accesorii_pereti_exteriori;Termoizolatie_Fatada_Ventilata_Prefab_TFVp;Termoizolatie_TFVp;Steico Flex 200mm; 	200,00 ; 	1,00 ;Termoizolație Fibră de Lemn Steico Flex λ = 0,038 W/mK 200 mm;;
Structuri Timberframe;Pereti;Accesorii_pereti_exteriori;Termoizolatie_Fatada_Ventilata_Prefab_TFVp;Termoizolatie_TFVp;Best Wood 50mm; 	50,00 ; 	1,00 ;Termoizolație Fibră de Lemn Best Wood Flex 50 λ = 0,037 W/mK 50 mm;;
Structuri Timberframe;Pereti;Accesorii_pereti_exteriori;Termoizolatie_Fatada_Ventilata_Prefab_TFVp;Termoizolatie_TFVp;Best Wood 100mm; 	100,00 ; 	1,00 ;Termoizolație Fibră de Lemn Best Wood Flex 50 λ = 0,037 W/mK 100 mm;;
Structuri Timberframe;Pereti;Accesorii_pereti_exteriori;Termoizolatie_Fatada_Ventilata_Prefab_TFVp;Termoizolatie_TFVp;Best Wood 140mm; 	140,00 ; 	1,00 ;Termoizolație Fibră de Lemn Best Wood Flex 50 λ = 0,037 W/mK 140 mm;;
Structuri Timberframe;Pereti;Accesorii_pereti_exteriori;Termoizolatie_Fatada_Ventilata_Prefab_TFVp;Termoizolatie_TFVp;Best Wood 200mm; 	200,00 ; 	1,00 ;Termoizolație Fibră de Lemn Best Wood Flex 50 λ = 0,037 W/mK 200 mm;;
Structuri Timberframe;Pereti;Accesorii_pereti_exteriori;Termoizolatie_Fatada_Ventilata_Prefab_TFVp;Placari_exterioare_structura_TFVp;Aquapanel; 	12,50 ; 	1,00 ;Placă de Ciment Knauf Aquapanel 12,5 mm;;
Structuri Timberframe;Pereti;Accesorii_pereti_exteriori;Termoizolatie_Fatada_Ventilata_Prefab_TFVp;Placari_exterioare_structura_TFVp;Scandura oarba; 	22,00 ; 	1,00 ;Scândură oarbă 22 mm ;;
Structuri Timberframe;Pereti;Accesorii_pereti_exteriori;Termoizolatie_Fatada_Ventilata_Prefab_TFVp;Placari_exterioare_structura_TFVp;FT; 	-   ; 	1,00 ;Folie Permisivă la Transferul de Vapori;;
Structuri Timberframe;Pereti;Accesorii_pereti_exteriori;Termoizolatie_Fatada_Ventilata_On_site_TFVs;Structura_lemn_TFVs;48x48 C; 	48,00 ; 	1,00 ;Structură lemn C24 48x48 mm;;
Structuri Timberframe;Pereti;Accesorii_pereti_exteriori;Termoizolatie_Fatada_Ventilata_On_site_TFVs;Structura_lemn_TFVs;45x100 C; 	100,00 ; 	1,00 ;Structură lemn C24 45x100 mm;;
Structuri Timberframe;Pereti;Accesorii_pereti_exteriori;Termoizolatie_Fatada_Ventilata_On_site_TFVs;Structura_lemn_TFVs;45x150 C; 	150,00 ; 	1,00 ;Structură lemn C24 45x150 mm ;;
Structuri Timberframe;Pereti;Accesorii_pereti_exteriori;Termoizolatie_Fatada_Ventilata_On_site_TFVs;Structura_lemn_TFVs;45x200 C; 	200,00 ; 	1,00 ;Structură lemn C24 45x200 mm;;
Structuri Timberframe;Pereti;Accesorii_pereti_exteriori;Termoizolatie_Fatada_Ventilata_On_site_TFVs;Termoizolatie_TFVs;Rockwool Mutirock 0,037 50mm; 	50,00 ; 	1,00 ;Termoizolație Vată Bazaltică Rockwool Multirock λ = 0,037 W/mK 50 mm;;
Structuri Timberframe;Pereti;Accesorii_pereti_exteriori;Termoizolatie_Fatada_Ventilata_On_site_TFVs;Termoizolatie_TFVs;Rockwool Mutirock 0,037 100mm; 	100,00 ; 	1,00 ;Termoizolație Vată Bazaltică Rockwool Multirock λ = 0,037 W/mK 100 mm;;
Structuri Timberframe;Pereti;Accesorii_pereti_exteriori;Termoizolatie_Fatada_Ventilata_On_site_TFVs;Termoizolatie_TFVs;Rockwool Mutirock 0,037 150mm; 	150,00 ; 	1,00 ;Termoizolație Vată Bazaltică Rockwool Multirock λ = 0,037 W/mK 150 mm;;
Structuri Timberframe;Pereti;Accesorii_pereti_exteriori;Termoizolatie_Fatada_Ventilata_On_site_TFVs;Termoizolatie_TFVs;Rockwool Mutirock 0,037 200mm; 	200,00 ; 	1,00 ;Termoizolație Vată Bazaltică Rockwool Multirock λ = 0,037 W/mK 200 mm;;
Structuri Timberframe;Pereti;Accesorii_pereti_exteriori;Termoizolatie_Fatada_Ventilata_On_site_TFVs;Termoizolatie_TFVs;Rockwool AirRock ND 50mm; 	50,00 ; 	1,00 ;Termoizolație Vată Bazaltică Rockwool Airrock ND λ = 0,035 W/mK 50 mm;;
Structuri Timberframe;Pereti;Accesorii_pereti_exteriori;Termoizolatie_Fatada_Ventilata_On_site_TFVs;Termoizolatie_TFVs;Rockwool AirRock ND 100mm; 	100,00 ; 	1,00 ;Termoizolație Vată Bazaltică Rockwool Airrock ND λ = 0,035 W/mK 100 mm;;
Structuri Timberframe;Pereti;Accesorii_pereti_exteriori;Termoizolatie_Fatada_Ventilata_On_site_TFVs;Termoizolatie_TFVs;Rockwool AirRock ND 140mm; 	140,00 ; 	1,00 ;Termoizolație Vată Bazaltică Rockwool Airrock ND λ = 0,035 W/mK 140 mm;;
Structuri Timberframe;Pereti;Accesorii_pereti_exteriori;Termoizolatie_Fatada_Ventilata_On_site_TFVs;Termoizolatie_TFVs;Rockwool AirRock ND 200mm; 	200,00 ; 	1,00 ;Termoizolație Vată Bazaltică Rockwool Airrock ND λ = 0,035 W/mK 200 mm;;
Structuri Timberframe;Pereti;Accesorii_pereti_exteriori;Termoizolatie_Fatada_Ventilata_On_site_TFVs;Termoizolatie_TFVs;Isover Forte 0,034 50mm; 	50,00 ; 	1,00 ;Termoizolație Vată Minerală de Sticlă Isover Forte λ = 0,034 W/mK 50 mm;;
Structuri Timberframe;Pereti;Accesorii_pereti_exteriori;Termoizolatie_Fatada_Ventilata_On_site_TFVs;Termoizolatie_TFVs;Isover Forte 0,034 100mm; 	100,00 ; 	1,00 ;Termoizolație Vată Minerală de Sticlă Isover Forte λ = 0,034 W/mK 100 mm;;
Structuri Timberframe;Pereti;Accesorii_pereti_exteriori;Termoizolatie_Fatada_Ventilata_On_site_TFVs;Termoizolatie_TFVs;Isover Forte 0,034 150mm; 	150,00 ; 	1,00 ;Termoizolație Vată Minerală de Sticlă Isover Forte λ = 0,034 W/mK 150 mm;;
Structuri Timberframe;Pereti;Accesorii_pereti_exteriori;Termoizolatie_Fatada_Ventilata_On_site_TFVs;Termoizolatie_TFVs;Isover Forte 0,034 200mm; 	200,00 ; 	1,00 ;Termoizolație Vată Minerală de Sticlă Isover Forte λ = 0,034 W/mK 200 mm;;
Structuri Timberframe;Pereti;Accesorii_pereti_exteriori;Termoizolatie_Fatada_Ventilata_On_site_TFVs;Termoizolatie_TFVs;Isover Superprofi 0,032 50mm; 	50,00 ; 	1,00 ;Termoizolație Vată Minerală de Sticlă Isover Superprofi λ = 0,032 W/mK 50 mm;;
Structuri Timberframe;Pereti;Accesorii_pereti_exteriori;Termoizolatie_Fatada_Ventilata_On_site_TFVs;Termoizolatie_TFVs;Isover Superprofi 0,032 100mm; 	100,00 ; 	1,00 ;Termoizolație Vată Minerală de Sticlă Isover Superprofi λ = 0,032 W/mK 100 mm;;
Structuri Timberframe;Pereti;Accesorii_pereti_exteriori;Termoizolatie_Fatada_Ventilata_On_site_TFVs;Termoizolatie_TFVs;Isover Superprofi 0,032 150mm; 	150,00 ; 	1,00 ;Termoizolație Vată Minerală de Sticlă Isover Superprofi λ = 0,032 W/mK 150 mm;;
Structuri Timberframe;Pereti;Accesorii_pereti_exteriori;Termoizolatie_Fatada_Ventilata_On_site_TFVs;Termoizolatie_TFVs;Isover Superprofi 0,032 200mm; 	200,00 ; 	1,00 ;Termoizolație Vată Minerală de Sticlă Isover Superprofi λ = 0,032 W/mK 200 mm;;
Structuri Timberframe;Pereti;Accesorii_pereti_exteriori;Termoizolatie_Fatada_Ventilata_On_site_TFVs;Termoizolatie_TFVs;ISOVER PLN  50mm; 	50,00 ; 	1,00 ;Termoizolație Vată Bazaltică Isover Pln λ = 0,034 W/mK 50 mm;;
Structuri Timberframe;Pereti;Accesorii_pereti_exteriori;Termoizolatie_Fatada_Ventilata_On_site_TFVs;Termoizolatie_TFVs;ISOVER PLN  100mm; 	100,00 ; 	1,00 ;Termoizolație Vată Bazaltică Isover Pln λ = 0,034 W/mK 100 mm;;
Structuri Timberframe;Pereti;Accesorii_pereti_exteriori;Termoizolatie_Fatada_Ventilata_On_site_TFVs;Termoizolatie_TFVs;ISOVER PLN  150mm; 	150,00 ; 	1,00 ;Termoizolație Vată Bazaltică Isover Pln λ = 0,034 W/mK 150 mm;;
Structuri Timberframe;Pereti;Accesorii_pereti_exteriori;Termoizolatie_Fatada_Ventilata_On_site_TFVs;Termoizolatie_TFVs;ISOVER PLN  200mm; 	200,00 ; 	1,00 ;Termoizolație Vată Bazaltică Isover Pln λ = 0,034 W/mK 200 mm;;
Structuri Timberframe;Pereti;Accesorii_pereti_exteriori;Termoizolatie_Fatada_Ventilata_On_site_TFVs;Termoizolatie_TFVs;Steico Flex 50mm; 	50,00 ; 	1,00 ;Termoizolație Fibră de Lemn Steico Flex λ = 0,038 W/mK 50 mm;;
Structuri Timberframe;Pereti;Accesorii_pereti_exteriori;Termoizolatie_Fatada_Ventilata_On_site_TFVs;Termoizolatie_TFVs;Steico Flex 100mm; 	100,00 ; 	1,00 ;Termoizolație Fibră de Lemn Steico Flex λ = 0,038 W/mK 100 mm;;
Structuri Timberframe;Pereti;Accesorii_pereti_exteriori;Termoizolatie_Fatada_Ventilata_On_site_TFVs;Termoizolatie_TFVs;Steico Flex 140mm; 	140,00 ; 	1,00 ;Termoizolație Fibră de Lemn Steico Flex λ = 0,038 W/mK 140 mm;;
Structuri Timberframe;Pereti;Accesorii_pereti_exteriori;Termoizolatie_Fatada_Ventilata_On_site_TFVs;Termoizolatie_TFVs;Steico Flex 200mm; 	200,00 ; 	1,00 ;Termoizolație Fibră de Lemn Steico Flex λ = 0,038 W/mK 200 mm;;
Structuri Timberframe;Pereti;Accesorii_pereti_exteriori;Termoizolatie_Fatada_Ventilata_On_site_TFVs;Termoizolatie_TFVs;Best Wood 50mm; 	50,00 ; 	1,00 ;Termoizolație Fibră de Lemn Best Wood Flex 50 λ = 0,037 W/mK 50 mm;;
Structuri Timberframe;Pereti;Accesorii_pereti_exteriori;Termoizolatie_Fatada_Ventilata_On_site_TFVs;Termoizolatie_TFVs;Best Wood 100mm; 	100,00 ; 	1,00 ;Termoizolație Fibră de Lemn Best Wood Flex 50 λ = 0,037 W/mK 100 mm;;
Structuri Timberframe;Pereti;Accesorii_pereti_exteriori;Termoizolatie_Fatada_Ventilata_On_site_TFVs;Termoizolatie_TFVs;Best Wood 140mm; 	140,00 ; 	1,00 ;Termoizolație Fibră de Lemn Best Wood Flex 50 λ = 0,037 W/mK 140 mm;;
Structuri Timberframe;Pereti;Accesorii_pereti_exteriori;Termoizolatie_Fatada_Ventilata_On_site_TFVs;Termoizolatie_TFVs;Best Wood 200mm; 	200,00 ; 	1,00 ;Termoizolație Fibră de Lemn Best Wood Flex 50 λ = 0,037 W/mK 200 mm;;
Structuri Timberframe;Pereti;Accesorii_pereti_exteriori;Termoizolatie_Fatada_Ventilata_On_site_TFVs;Placari_exterioare_structura_TFVs;Aquapanel; 	12,50 ; 	1,00 ;Placă de Ciment Knauf Aquapanel 12,5 mm;;
Structuri Timberframe;Pereti;Accesorii_pereti_exteriori;Termoizolatie_Fatada_Ventilata_On_site_TFVs;Placari_exterioare_structura_TFVs;Scandura oarba; 	22,00 ; 	1,00 ;Scândură oarbă 22 mm;;
Structuri Timberframe;Pereti;Accesorii_pereti_exteriori;Termoizolatie_Fatada_Ventilata_On_site_TFVs;Placari_exterioare_structura_TFVs;FT; 	-   ; 	1,00 ;Folie Permisivă la Transferul de Vapori;;
Structuri Timberframe;Pereti;Accesorii_pereti_exteriori;Fatada_Ventilata_Prefab_FVp;Structura_lemn_FVp;28x38; 	28,00 ; 	1,00 ;Profile lemn 28x38 mm;;
Structuri Timberframe;Pereti;Accesorii_pereti_exteriori;Fatada_Ventilata_Prefab_FVp;Structura_lemn_FVp;28x38 x2; 	28,00 ; 	1,00 ;Profile lemn 28x38 mm x2;;
Structuri Timberframe;Pereti;Accesorii_pereti_exteriori;Fatada_Ventilata_Prefab_FVp;Placari_exterioare_structura_FVp;Larice Romb; 	19,00 ; 	1,00 ;Fațadă ventilată Larice - Romb 19 mm;;
Structuri Timberframe;Pereti;Accesorii_pereti_exteriori;Fatada_Ventilata_Prefab_FVp;Placari_exterioare_structura_FVp;Larice Romb; 	19,00 ; 	1,00 ;Fațadă ventilată Larice - Romb 19 mm;;
Structuri Timberframe;Pereti;Accesorii_pereti_exteriori;Fatada_Ventilata_Prefab_FVp;Placari_exterioare_structura_FVp;Larice Romb; 	25,00 ; 	1,00 ;Fațadă ventilată Larice - Romb 25 mm;;
Structuri Timberframe;Pereti;Accesorii_pereti_exteriori;Fatada_Ventilata_Prefab_FVp;Placari_exterioare_structura_FVp;Larice Drept; 	19,00 ; 	1,00 ;Fațadă ventilată Larice - Drept 19 mm;;
Structuri Timberframe;Pereti;Accesorii_pereti_exteriori;Fatada_Ventilata_Prefab_FVp;Placari_exterioare_structura_FVp;Larice Profil Special; 	24,00 ; 	1,00 ;Fațadă ventilată Larice Profil Special 24 mm ;;
Structuri Timberframe;Pereti;Accesorii_pereti_exteriori;Fatada_Ventilata_Prefab_FVp;Placari_exterioare_structura_FVp;Pin Termotratat Romb; 	20,00 ; 	1,00 ;Fațadă ventilată Pin Termotratat - Romb 20 mm;;
Structuri Timberframe;Pereti;Accesorii_pereti_exteriori;Fatada_Ventilata_Prefab_FVp;Placari_exterioare_structura_FVp;Pin Termotratat Romb; 	26,00 ; 	1,00 ;Fațadă ventilată Pin Termotratat - Romb 26 mm;;
Structuri Timberframe;Pereti;Accesorii_pereti_exteriori;Fatada_Ventilata_Prefab_FVp;Placari_exterioare_structura_FVp;Pin Termotratat Drept; 	19,00 ; 	1,00 ;Fațadă ventilată Pin Termotratat - Drept 19 mm;;
Structuri Timberframe;Pereti;Pereti_Interiori_de_Rezistenta_Prefab;Pereti_Interiori_de_Rezistenta_Prefab_PIRp;Structura_lemn_PIRp;45x100 C; 	100,00 ; 	1,00 ;Structură lemn C24 45x100 mm;;
Structuri Timberframe;Pereti;Pereti_Interiori_de_Rezistenta_Prefab;Pereti_Interiori_de_Rezistenta_Prefab_PIRp;Structura_lemn_PIRp;45x150 C; 	150,00 ; 	1,00 ;Structură lemn C24 45x150 mm ;;
Structuri Timberframe;Pereti;Pereti_Interiori_de_Rezistenta_Prefab;Pereti_Interiori_de_Rezistenta_Prefab_PIRp;Structura_lemn_PIRp;60x150 C; 	150,00 ; 	1,00 ;Structură lemn C24 60x150 mm;;
Structuri Timberframe;Pereti;Pereti_Interiori_de_Rezistenta_Prefab;Pereti_Interiori_de_Rezistenta_Prefab_PIRp;Structura_lemn_PIRp;60x160 C; 	160,00 ; 	1,00 ;Structură lemn C24 60x160 mm;;
Structuri Timberframe;Pereti;Pereti_Interiori_de_Rezistenta_Prefab;Pereti_Interiori_de_Rezistenta_Prefab_PIRp;Structura_lemn_PIRp;60x200 C; 	200,00 ; 	1,00 ;Structură lemn C24 60x200 mm;;
Structuri Timberframe;Pereti;Pereti_Interiori_de_Rezistenta_Prefab;Pereti_Interiori_de_Rezistenta_Prefab_PIRp;Structura_lemn_PIRp;80x160 C; 	160,00 ; 	1,00 ;Structură lemn C24 80x160 mm;;
Structuri Timberframe;Pereti;Pereti_Interiori_de_Rezistenta_Prefab;Pereti_Interiori_de_Rezistenta_Prefab_PIRp;Structura_lemn_PIRp;80x160 mix C+GL; 	160,00 ; 	1,00 ;Structură lemn mix C+GL24 80x160 mm;;
Structuri Timberframe;Pereti;Pereti_Interiori_de_Rezistenta_Prefab;Pereti_Interiori_de_Rezistenta_Prefab_PIRp;Placari_interioare_structura_PIRp;OSB 12mm; 	12,00 ; 	1,00 ;OSB 3 12 mm;;
Structuri Timberframe;Pereti;Pereti_Interiori_de_Rezistenta_Prefab;Pereti_Interiori_de_Rezistenta_Prefab_PIRp;Placari_interioare_structura_PIRp;OSB 15mm; 	15,00 ; 	1,00 ;OSB 3 15 mm;;
Structuri Timberframe;Pereti;Pereti_Interiori_de_Rezistenta_Prefab;Pereti_Interiori_de_Rezistenta_Prefab_PIRp;Placari_interioare_structura_PIRp;FBV-montaj in fabrica ; 	-   ; 	1,00 ;Folie Barieră de Vapori;;
Structuri Timberframe;Pereti;Pereti_Interiori_de_Rezistenta_Prefab;Pereti_Interiori_de_Rezistenta_Prefab_PIRp;Termoizolatie_PIRp;Rockwool Mutirock 0,037 100mm; 	100,00 ; 	1,00 ;Termoizolație Vată Bazaltică Rockwool Multirock λ = 0,037 W/mK 100 mm;;
Structuri Timberframe;Pereti;Pereti_Interiori_de_Rezistenta_Prefab;Pereti_Interiori_de_Rezistenta_Prefab_PIRp;Termoizolatie_PIRp;Rockwool Mutirock 0,037 150mm; 	150,00 ; 	1,00 ;Termoizolație Vată Bazaltică Rockwool Multirock λ = 0,037 W/mK 150 mm;;
Structuri Timberframe;Pereti;Pereti_Interiori_de_Rezistenta_Prefab;Pereti_Interiori_de_Rezistenta_Prefab_PIRp;Termoizolatie_PIRp;Rockwool Mutirock 0,037 160mm; 	160,00 ; 	1,00 ;Termoizolație Vată Bazaltică Rockwool Multirock λ = 0,037 W/mK 160 mm;;
Structuri Timberframe;Pereti;Pereti_Interiori_de_Rezistenta_Prefab;Pereti_Interiori_de_Rezistenta_Prefab_PIRp;Termoizolatie_PIRp;Rockwool Mutirock 0,037 200mm; 	200,00 ; 	1,00 ;Termoizolație Vată Bazaltică Rockwool Multirock λ = 0,037 W/mK 200 mm;;
Structuri Timberframe;Pereti;Pereti_Interiori_de_Rezistenta_Prefab;Pereti_Interiori_de_Rezistenta_Prefab_PIRp;Termoizolatie_PIRp;Rockwool Airrock ND λ = 0.035 W/mk 100mm; 	100,00 ; 	1,00 ;Termoizolație Vată Bazaltică Rockwool Airrock ND λ = 0,035 W/mK 100 mm;;
Structuri Timberframe;Pereti;Pereti_Interiori_de_Rezistenta_Prefab;Pereti_Interiori_de_Rezistenta_Prefab_PIRp;Termoizolatie_PIRp;Rockwool Airrock ND λ = 0.035 W/mk 140mm; 	140,00 ; 	1,00 ;Termoizolație Vată Bazaltică Rockwool Airrock ND λ = 0,035 W/mK 140 mm;;
Structuri Timberframe;Pereti;Pereti_Interiori_de_Rezistenta_Prefab;Pereti_Interiori_de_Rezistenta_Prefab_PIRp;Termoizolatie_PIRp;Rockwool Airrock ND λ = 0.035 W/mk 160mm; 	160,00 ; 	1,00 ;Termoizolație Vată Bazaltică Rockwool Airrock ND λ = 0,035 W/mK 160 mm;;
Structuri Timberframe;Pereti;Pereti_Interiori_de_Rezistenta_Prefab;Pereti_Interiori_de_Rezistenta_Prefab_PIRp;Termoizolatie_PIRp;Rockwool Airrock ND λ = 0.035 W/mk 200mm; 	200,00 ; 	1,00 ;Termoizolație Vată Bazaltică Rockwool Airrock ND λ = 0,035 W/mK 200 mm;;
Structuri Timberframe;Pereti;Pereti_Interiori_de_Rezistenta_Prefab;Pereti_Interiori_de_Rezistenta_Prefab_PIRp;Termoizolatie_PIRp;Isover Forte 0,034 100mm; 	100,00 ; 	1,00 ;Termoizolație Vată Minerală de Sticlă Isover Forte λ = 0,034 W/mK 100 mm;;
Structuri Timberframe;Pereti;Pereti_Interiori_de_Rezistenta_Prefab;Pereti_Interiori_de_Rezistenta_Prefab_PIRp;Termoizolatie_PIRp;Isover Forte 0,034 150mm; 	150,00 ; 	1,00 ;Termoizolație Vată Minerală de Sticlă Isover Forte λ = 0,034 W/mK 150 mm;;
Structuri Timberframe;Pereti;Pereti_Interiori_de_Rezistenta_Prefab;Pereti_Interiori_de_Rezistenta_Prefab_PIRp;Termoizolatie_PIRp;Isover Forte 0,034 160mm; 	160,00 ; 	1,00 ;Termoizolație Vată Minerală de Sticlă Isover Forte λ = 0,034 W/mK 160 mm;;
Structuri Timberframe;Pereti;Pereti_Interiori_de_Rezistenta_Prefab;Pereti_Interiori_de_Rezistenta_Prefab_PIRp;Termoizolatie_PIRp;Isover Forte 0,034 200mm; 	200,00 ; 	1,00 ;Termoizolație Vată Minerală de Sticlă Isover Forte λ = 0,034 W/mK 200 mm;;
Structuri Timberframe;Pereti;Pereti_Interiori_de_Rezistenta_Prefab;Pereti_Interiori_de_Rezistenta_Prefab_PIRp;Termoizolatie_PIRp;ISOVER AKUSTO 100mm; 	100,00 ; 	1,00 ;Termoizolație Vată Minerală de Sticlă Isover Akusto λ = 0,039 W/mK 100 mm;;
Structuri Timberframe;Pereti;Pereti_Interiori_de_Rezistenta_Prefab;Pereti_Interiori_de_Rezistenta_Prefab_PIRp;Termoizolatie_PIRp;ISOVER AKUSTO 150mm; 	150,00 ; 	1,00 ;Termoizolație Vată Minerală de Sticlă Isover Akusto λ = 0,039 W/mK 150 mm;;
Structuri Timberframe;Pereti;Pereti_Interiori_de_Rezistenta_Prefab;Pereti_Interiori_de_Rezistenta_Prefab_PIRp;Termoizolatie_PIRp;ISOVER AKUSTO 200mm; 	200,00 ; 	1,00 ;Termoizolație Vată Minerală de Sticlă Isover Akusto λ = 0,039 W/mK 200 mm;;
Structuri Timberframe;Pereti;Pereti_Interiori_de_Rezistenta_Prefab;Pereti_Interiori_de_Rezistenta_Prefab_PIRp;Termoizolatie_PIRp;Isover Superprofi 0,032 100mm; 	100,00 ; 	1,00 ;Termoizolație Vată Minerală de Sticlă Isover Superprofi λ = 0,032 W/mK 100 mm;;
Structuri Timberframe;Pereti;Pereti_Interiori_de_Rezistenta_Prefab;Pereti_Interiori_de_Rezistenta_Prefab_PIRp;Termoizolatie_PIRp;Isover Superprofi 0,032 150mm; 	150,00 ; 	1,00 ;Termoizolație Vată Minerală de Sticlă Isover Superprofi λ = 0,032 W/mK 150 mm;;
Structuri Timberframe;Pereti;Pereti_Interiori_de_Rezistenta_Prefab;Pereti_Interiori_de_Rezistenta_Prefab_PIRp;Termoizolatie_PIRp;Isover Superprofi 0,032 160mm; 	160,00 ; 	1,00 ;Termoizolație Vată Minerală de Sticlă Isover Superprofi λ = 0,032 W/mK 160 mm;;
Structuri Timberframe;Pereti;Pereti_Interiori_de_Rezistenta_Prefab;Pereti_Interiori_de_Rezistenta_Prefab_PIRp;Termoizolatie_PIRp;Isover Superprofi 0,032 200mm; 	200,00 ; 	1,00 ;Termoizolație Vată Minerală de Sticlă Isover Superprofi λ = 0,032 W/mK 200 mm;;
Structuri Timberframe;Pereti;Pereti_Interiori_de_Rezistenta_Prefab;Pereti_Interiori_de_Rezistenta_Prefab_PIRp;Termoizolatie_PIRp;Steico Flex 100mm; 	100,00 ; 	1,00 ;Termoizolație Fibră de Lemn Steico Flex λ = 0,038 W/mK 100 mm;;
Structuri Timberframe;Pereti;Pereti_Interiori_de_Rezistenta_Prefab;Pereti_Interiori_de_Rezistenta_Prefab_PIRp;Termoizolatie_PIRp;Steico Flex 140mm; 	140,00 ; 	1,00 ;Termoizolație Fibră de Lemn Steico Flex λ = 0,038 W/mK 140 mm;;
Structuri Timberframe;Pereti;Pereti_Interiori_de_Rezistenta_Prefab;Pereti_Interiori_de_Rezistenta_Prefab_PIRp;Termoizolatie_PIRp;Steico Flex 160mm; 	160,00 ; 	1,00 ;Termoizolație Fibră de Lemn Steico Flex λ = 0,038 W/mK 160 mm;;
Structuri Timberframe;Pereti;Pereti_Interiori_de_Rezistenta_Prefab;Pereti_Interiori_de_Rezistenta_Prefab_PIRp;Termoizolatie_PIRp;Steico Flex 200mm; 	200,00 ; 	1,00 ;Termoizolație Fibră de Lemn Steico Flex λ = 0,038 W/mK 200 mm;;
Structuri Timberframe;Pereti;Pereti_Interiori_de_Rezistenta_Prefab;Pereti_Interiori_de_Rezistenta_Prefab_PIRp;Termoizolatie_PIRp;BEST WOOD FLEX 50 0.037W/mk 100mm; 	100,00 ; 	1,00 ;Termoizolație Fibră de Lemn Best Wood Flex 50 λ = 0,037 W/mK 100 mm;;
Structuri Timberframe;Pereti;Pereti_Interiori_de_Rezistenta_Prefab;Pereti_Interiori_de_Rezistenta_Prefab_PIRp;Termoizolatie_PIRp;BEST WOOD FLEX 50 0.037W/mk 140mm; 	140,00 ; 	1,00 ;Termoizolație Fibră de Lemn Best Wood Flex 50 λ = 0,037 W/mK 140 mm;;
Structuri Timberframe;Pereti;Pereti_Interiori_de_Rezistenta_Prefab;Pereti_Interiori_de_Rezistenta_Prefab_PIRp;Termoizolatie_PIRp;BEST WOOD FLEX 50 0.037W/mk 160mm; 	160,00 ; 	1,00 ;Termoizolație Fibră de Lemn Best Wood Flex 50 λ = 0,037 W/mK 160 mm;;
Structuri Timberframe;Pereti;Pereti_Interiori_de_Rezistenta_Prefab;Pereti_Interiori_de_Rezistenta_Prefab_PIRp;Termoizolatie_PIRp;BEST WOOD FLEX 50 0.037W/mk 200mm; 	200,00 ; 	1,00 ;Termoizolație Fibră de Lemn Best Wood Flex 50 λ = 0,037 W/mK 200 mm;;
Structuri Timberframe;Pereti;Pereti_Interiori_de_Rezistenta_Prefab;Pereti_Interiori_de_Rezistenta_Prefab_PIRp;Placari_exterioare_structura_PIRp;OSB 12mm; 	12,00 ; 	1,00 ;OSB 3 12 mm;;
Structuri Timberframe;Pereti;Pereti_Interiori_de_Rezistenta_Prefab;Pereti_Interiori_de_Rezistenta_Prefab_PIRp;Placari_exterioare_structura_PIRp;OSB 15mm; 	15,00 ; 	1,00 ;OSB 3 15 mm;;
Structuri Timberframe;Pereti;Pereti_Interiori_de_Rezistenta_Prefab;Pereti_Interiori_de_Rezistenta_Prefab_PIRp;Placari_exterioare_structura_PIRp;FBV-montaj in fabrica ; 	-   ; 	1,00 ;Folie Barieră de Vapori;;
Structuri Timberframe;Pereti;Pereti_Interiori_de_Compartimentare_Prefab;Pereti_Interiori_de_Compartimentare_Prefab_PICp;Structura_lemn_PICp;60x60 C; 	60,00 ; 	1,00 ;Structură lemn C24 60x60 mm;;
Structuri Timberframe;Pereti;Pereti_Interiori_de_Compartimentare_Prefab;Pereti_Interiori_de_Compartimentare_Prefab_PICp;Structura_lemn_PICp;45x100 C; 	100,00 ; 	1,00 ;Structură lemn C24 45x100 mm;;
Structuri Timberframe;Pereti;Pereti_Interiori_de_Compartimentare_Prefab;Pereti_Interiori_de_Compartimentare_Prefab_PICp;Structura_lemn_PICp;60x100 C; 	100,00 ; 	1,00 ;Structură lemn C24 60x100 mm;;
Structuri Timberframe;Pereti;Pereti_Interiori_de_Compartimentare_Prefab;Pereti_Interiori_de_Compartimentare_Prefab_PICp;Placari_interioare_structura_PICp;OSB 12mm; 	12,00 ; 	1,00 ;OSB 3 12 mm;;
Structuri Timberframe;Pereti;Pereti_Interiori_de_Compartimentare_Prefab;Pereti_Interiori_de_Compartimentare_Prefab_PICp;Placari_interioare_structura_PICp;OSB 15mm; 	15,00 ; 	1,00 ;OSB 3 15 mm;;
Structuri Timberframe;Pereti;Pereti_Interiori_de_Compartimentare_Prefab;Pereti_Interiori_de_Compartimentare_Prefab_PICp;Placari_interioare_structura_PICp;FBV-montaj in fabrica ; 	-   ; 	1,00 ;Folie Barieră de Vapori;;
Structuri Timberframe;Pereti;Pereti_Interiori_de_Compartimentare_Prefab;Pereti_Interiori_de_Compartimentare_Prefab_PICp;Termoizolatie_PICp;Rockwool Mutirock 0,037 60mm; 	60,00 ; 	1,00 ;Termoizolație Vată Bazaltică Rockwool Multirock λ = 0,037 W/mK 60 mm;;
Structuri Timberframe;Pereti;Pereti_Interiori_de_Compartimentare_Prefab;Pereti_Interiori_de_Compartimentare_Prefab_PICp;Termoizolatie_PICp;Rockwool Mutirock 0,037 100mm; 	100,00 ; 	1,00 ;Termoizolație Vată Bazaltică Rockwool Multirock λ = 0,037 W/mK 100 mm;;
Structuri Timberframe;Pereti;Pereti_Interiori_de_Compartimentare_Prefab;Pereti_Interiori_de_Compartimentare_Prefab_PICp;Termoizolatie_PICp;Rockwool Airrock ND λ = 0.035 W/mk 60mm; 	60,00 ; 	1,00 ;Termoizolație Vată Bazaltică Rockwool Airrock ND λ = 0,035 W/mK 60 mm;;
Structuri Timberframe;Pereti;Pereti_Interiori_de_Compartimentare_Prefab;Pereti_Interiori_de_Compartimentare_Prefab_PICp;Termoizolatie_PICp;Rockwool Airrock ND λ = 0.035 W/mk 100mm; 	100,00 ; 	1,00 ;Termoizolație Vată Bazaltică Rockwool Airrock ND λ = 0,035 W/mK 100 mm;;
Structuri Timberframe;Pereti;Pereti_Interiori_de_Compartimentare_Prefab;Pereti_Interiori_de_Compartimentare_Prefab_PICp;Termoizolatie_PICp;Isover Forte 0,034 50mm; 	50,00 ; 	1,00 ;Termoizolație Vată Minerală de Sticlă Isover Forte λ = 0,034 W/mK 50 mm;;
Structuri Timberframe;Pereti;Pereti_Interiori_de_Compartimentare_Prefab;Pereti_Interiori_de_Compartimentare_Prefab_PICp;Termoizolatie_PICp;Isover Forte 0,034 100mm; 	100,00 ; 	1,00 ;Termoizolație Vată Minerală de Sticlă Isover Forte λ = 0,034 W/mK 100 mm;;
Structuri Timberframe;Pereti;Pereti_Interiori_de_Compartimentare_Prefab;Pereti_Interiori_de_Compartimentare_Prefab_PICp;Termoizolatie_PICp;ISOVER AKUSTO 50mm; 	50,00 ; 	1,00 ;Termoizolație Vată Minerală de Sticlă Isover Akusto λ = 0,039 W/mK 50 mm;;
Structuri Timberframe;Pereti;Pereti_Interiori_de_Compartimentare_Prefab;Pereti_Interiori_de_Compartimentare_Prefab_PICp;Termoizolatie_PICp;ISOVER AKUSTO 100mm; 	100,00 ; 	1,00 ;Termoizolație Vată Minerală de Sticlă Isover Akusto λ = 0,039 W/mK 100 mm;;
Structuri Timberframe;Pereti;Pereti_Interiori_de_Compartimentare_Prefab;Pereti_Interiori_de_Compartimentare_Prefab_PICp;Termoizolatie_PICp;Isover Superprofi 0,032 50mm; 	50,00 ; 	1,00 ;Termoizolație Vată Minerală de Sticlă Isover Superprofi λ = 0,032 W/mK 50 mm;;
Structuri Timberframe;Pereti;Pereti_Interiori_de_Compartimentare_Prefab;Pereti_Interiori_de_Compartimentare_Prefab_PICp;Termoizolatie_PICp;Isover Superprofi 0,032 100mm; 	100,00 ; 	1,00 ;Termoizolație Vată Minerală de Sticlă Isover Superprofi λ = 0,032 W/mK 100 mm;;
Structuri Timberframe;Pereti;Pereti_Interiori_de_Compartimentare_Prefab;Pereti_Interiori_de_Compartimentare_Prefab_PICp;Termoizolatie_PICp;Steico Flex 60mm; 	60,00 ; 	1,00 ;Termoizolație Fibră de Lemn Steico Flex λ = 0,038 W/mK 60 mm;;
Structuri Timberframe;Pereti;Pereti_Interiori_de_Compartimentare_Prefab;Pereti_Interiori_de_Compartimentare_Prefab_PICp;Termoizolatie_PICp;Steico Flex 100mm; 	100,00 ; 	1,00 ;Termoizolație Fibră de Lemn Steico Flex λ = 0,038 W/mK 100 mm;;
Structuri Timberframe;Pereti;Pereti_Interiori_de_Compartimentare_Prefab;Pereti_Interiori_de_Compartimentare_Prefab_PICp;Termoizolatie_PICp;BEST WOOD FLEX 50 0.037W/mk 60mm; 	60,00 ; 	1,00 ;Termoizolație Fibră de Lemn Best Wood Flex 50 λ = 0,037 W/mK 60 mm;;
Structuri Timberframe;Pereti;Pereti_Interiori_de_Compartimentare_Prefab;Pereti_Interiori_de_Compartimentare_Prefab_PICp;Termoizolatie_PICp;BEST WOOD FLEX 50 0.037W/mk 100mm; 	100,00 ; 	1,00 ;Termoizolație Fibră de Lemn Best Wood Flex 50 λ = 0,037 W/mK 100 mm;;
Structuri Timberframe;Pereti;Pereti_Interiori_de_Compartimentare_Prefab;Pereti_Interiori_de_Compartimentare_Prefab_PICp;Placari_exterioare_structura_PICp;OSB 12mm; 	12,00 ; 	1,00 ;OSB 3 12 mm;;
Structuri Timberframe;Pereti;Pereti_Interiori_de_Compartimentare_Prefab;Pereti_Interiori_de_Compartimentare_Prefab_PICp;Placari_exterioare_structura_PICp;OSB 15mm; 	15,00 ; 	1,00 ;OSB 3 15 mm;;
Structuri Timberframe;Pereti;Pereti_Interiori_de_Compartimentare_Prefab;Pereti_Interiori_de_Compartimentare_Prefab_PICp;Placari_exterioare_structura_PICp;FBV-montaj in fabrica ; 	-   ; 	1,00 ;Folie Barieră de Vapori;;
Structuri Timberframe;Pereti;Pereti_Comuni_Intre_Case_Prefab;Pereti_Comuni_Intre_Case_Prefab_PCICp;Structura_lemn_PCICp;60x150 C; 	150,00 ; 	1,00 ;Structură lemn C24 60x150 mm;;
Structuri Timberframe;Pereti;Pereti_Comuni_Intre_Case_Prefab;Pereti_Comuni_Intre_Case_Prefab_PCICp;Placari_interioare_structura_PCICp;OSB 12mm; 	12,00 ; 	1,00 ;OSB 3 12 mm;;
Structuri Timberframe;Pereti;Pereti_Comuni_Intre_Case_Prefab;Pereti_Comuni_Intre_Case_Prefab_PCICp;Placari_interioare_structura_PCICp;OSB 15mm; 	15,00 ; 	1,00 ;OSB 3 15 mm;;
Structuri Timberframe;Pereti;Pereti_Comuni_Intre_Case_Prefab;Pereti_Comuni_Intre_Case_Prefab_PCICp;Placari_interioare_structura_PCICp;FBV-montaj in fabrica ; 	-   ; 	1,00 ;Folie Barieră de Vapori;;
Structuri Timberframe;Pereti;Pereti_Comuni_Intre_Case_Prefab;Pereti_Comuni_Intre_Case_Prefab_PCICp;Termoizolatie_PCICp;Rockwool Mutirock 0,037 150mm; 	150,00 ; 	1,00 ;Termoizolație Vată Bazaltică Rockwool Multirock λ = 0,037 W/mK 150 mm;;
Structuri Timberframe;Pereti;Pereti_Comuni_Intre_Case_Prefab;Pereti_Comuni_Intre_Case_Prefab_PCICp;Termoizolatie_PCICp;Rockwool Airrock ND λ = 0.035 W/mk 140mm; 	140,00 ; 	1,00 ;Termoizolație Vată Bazaltică Rockwool Airrock ND λ = 0,035 W/mK 140 mm;;
Structuri Timberframe;Pereti;Pereti_Comuni_Intre_Case_Prefab;Pereti_Comuni_Intre_Case_Prefab_PCICp;Termoizolatie_PCICp;Isover Forte 0,034 150mm; 	150,00 ; 	1,00 ;Termoizolație Vată Minerală de Sticlă Isover Forte λ = 0,034 W/mK 150 mm;;
Structuri Timberframe;Pereti;Pereti_Comuni_Intre_Case_Prefab;Pereti_Comuni_Intre_Case_Prefab_PCICp;Termoizolatie_PCICp;ISOVER AKUSTO 150mm; 	150,00 ; 	1,00 ;Termoizolație Vată Minerală de Sticlă Isover Akusto λ = 0,039 W/mK 150 mm;;
Structuri Timberframe;Pereti;Pereti_Comuni_Intre_Case_Prefab;Pereti_Comuni_Intre_Case_Prefab_PCICp;Termoizolatie_PCICp;Isover Superprofi 0,032 150mm; 	150,00 ; 	1,00 ;Termoizolație Vată Minerală de Sticlă Isover Superprofi λ = 0,032 W/mK 150 mm;;
Structuri Timberframe;Pereti;Pereti_Comuni_Intre_Case_Prefab;Pereti_Comuni_Intre_Case_Prefab_PCICp;Termoizolatie_PCICp;Steico Flex 140mm; 	140,00 ; 	1,00 ;Termoizolație Fibră de Lemn Steico Flex λ = 0,038 W/mK 140 mm;;
Structuri Timberframe;Pereti;Pereti_Comuni_Intre_Case_Prefab;Pereti_Comuni_Intre_Case_Prefab_PCICp;Termoizolatie_PCICp;BEST WOOD FLEX 50 0.037W/mk 140mm; 	140,00 ; 	1,00 ;Termoizolație Fibră de Lemn Best Wood Flex 50 λ = 0,037 W/mK 140 mm;;
Structuri Timberframe;Pereti;Pereti_Comuni_Intre_Case_Prefab;Pereti_Comuni_Intre_Case_Prefab_PCICp;Placari_interioare_structura_PCICp;OSB 12mm; 	12,00 ; 	1,00 ;OSB 3 12 mm;;
Structuri Timberframe;Pereti;Pereti_Comuni_Intre_Case_Prefab;Pereti_Comuni_Intre_Case_Prefab_PCICp;Placari_interioare_structura_PCICp;OSB 15mm; 	15,00 ; 	1,00 ;OSB 3 15 mm;;
Structuri Timberframe;Planseu;Contact_cu_Fundatia_de_Beton_On_site;Contact_cu_Fundatia_de_Beton_On_site_CFBs;Structura_lemn_CFBs;45x100 - molid; 	100,00 ;1 ml;Profil lemn contact cu fundația 45 mm - Molid;;
Structuri Timberframe;Planseu;Contact_cu_Fundatia_de_Beton_On_site;Contact_cu_Fundatia_de_Beton_On_site_CFBs;Structura_lemn_CFBs;45x100 - larice; 	100,00 ;1 ml;Profil lemn contact cu fundația 45 mm - Larice;;
Structuri Timberframe;Planseu;Contact_cu_Fundatia_de_Beton_On_site;Contact_cu_Fundatia_de_Beton_On_site_CFBs;Structura_lemn_CFBs;45x150-molid; 	150,00 ;1 ml;Profil lemn contact cu fundația 45 mm - Molid;;
Structuri Timberframe;Planseu;Contact_cu_Fundatia_de_Beton_On_site;Contact_cu_Fundatia_de_Beton_On_site_CFBs;Structura_lemn_CFBs;45x150 - larice; 	150,00 ;1 ml;Profil lemn contact cu fundația 45 mm - Larice;;
Structuri Timberframe;Planseu;Contact_cu_Fundatia_de_Beton_On_site;Contact_cu_Fundatia_de_Beton_On_site_CFBs;Structura_lemn_CFBs;60x60-molid; 	60,00 ;1 ml;Profil lemn contact cu fundația 60 mm - Molid;;
Structuri Timberframe;Planseu;Contact_cu_Fundatia_de_Beton_On_site;Contact_cu_Fundatia_de_Beton_On_site_CFBs;Structura_lemn_CFBs;60x60-larice; 	60,00 ;1 ml;Profil lemn contact cu fundația 60 mm - Larice;;
Structuri Timberframe;Planseu;Contact_cu_Fundatia_de_Beton_On_site;Contact_cu_Fundatia_de_Beton_On_site_CFBs;Structura_lemn_CFBs;60x100- molid; 	100,00 ;1 ml;Profil lemn contact cu fundația 60 mm - Molid;;
Structuri Timberframe;Planseu;Contact_cu_Fundatia_de_Beton_On_site;Contact_cu_Fundatia_de_Beton_On_site_CFBs;Structura_lemn_CFBs;60x100- larice; 	100,00 ;1 ml;Profil lemn contact cu fundația 60 mm - Larice;;
Structuri Timberframe;Planseu;Contact_cu_Fundatia_de_Beton_On_site;Contact_cu_Fundatia_de_Beton_On_site_CFBs;Structura_lemn_CFBs;60x150-molid; 	150,00 ;1 ml;Profil lemn contact cu fundația 60 mm - Molid;;
Structuri Timberframe;Planseu;Contact_cu_Fundatia_de_Beton_On_site;Contact_cu_Fundatia_de_Beton_On_site_CFBs;Structura_lemn_CFBs;60x150- larice; 	150,00 ;1 ml;Profil lemn contact cu fundația 60 mm - Larice;;
Structuri Timberframe;Planseu;Contact_cu_Fundatia_de_Beton_On_site;Contact_cu_Fundatia_de_Beton_On_site_CFBs;Structura_lemn_CFBs;60x160 -molid; 	160,00 ;1 ml;Profil lemn contact cu fundația 60 mm - Molid;;
Structuri Timberframe;Planseu;Contact_cu_Fundatia_de_Beton_On_site;Contact_cu_Fundatia_de_Beton_On_site_CFBs;Structura_lemn_CFBs;60x160 - larice ; 	160,00 ;1 ml;Profil lemn contact cu fundația 60 mm - Larice;;
Structuri Timberframe;Planseu;Contact_cu_Fundatia_de_Beton_On_site;Contact_cu_Fundatia_de_Beton_On_site_CFBs;Structura_lemn_CFBs;60x200-molid; 	200,00 ;1 ml;Profil lemn contact cu fundația 60 mm - Molid;;
Structuri Timberframe;Planseu;Contact_cu_Fundatia_de_Beton_On_site;Contact_cu_Fundatia_de_Beton_On_site_CFBs;Structura_lemn_CFBs;60x200-larice; 	200,00 ;1 ml;Profil lemn contact cu fundația 60 mm - Larice;;
Structuri Timberframe;Planseu;Contact_cu_Fundatia_de_Beton_On_site;Contact_cu_Fundatia_de_Beton_On_site_CFBs;Structura_lemn_CFBs;80x160-molid; 	160,00 ;1 ml;Profil lemn contact cu fundația 80 mm - Molid;;
Structuri Timberframe;Planseu;Contact_cu_Fundatia_de_Beton_On_site;Contact_cu_Fundatia_de_Beton_On_site_CFBs;Structura_lemn_CFBs;80x160-larice ; 	160,00 ;1 ml;Profil lemn contact cu fundația 80 mm - Larice;;
Structuri Timberframe;Planseu;Contact_cu_Fundatia_de_Beton_On_site;Contact_cu_Fundatia_de_Beton_On_site_CFBs;Rupere_capilaritate_CFBs;Connect Band; 	1,00 ;1 ml;Bandă de etanșare Connect Band ;;
Structuri Timberframe;Planseu;Contact_cu_Fundatia_de_Beton_On_site;Contact_cu_Fundatia_de_Beton_On_site_CFBs;Rupere_capilaritate_CFBs;Carton bituminat;;;Carton bituminat;;
Structuri Timberframe;Planseu;Contact_cu_Fundatia_de_Beton_On_site;Contact_cu_Fundatia_de_Beton_On_site_CFBs;Tratament_lemn_CFBs;Autoclava;;;;;
Structuri Timberframe;Planseu;Planseu_Autoportant_Prefab;Planseu_Autoportant_Prefab_PLAp;Structura_lemn_PLAp;45x200 C; 	200,00 ; 	1,00 ;Structură lemn C24 45x200 mm;;
Structuri Timberframe;Planseu;Planseu_Autoportant_Prefab;Planseu_Autoportant_Prefab_PLAp;Structura_lemn_PLAp;45x240 C; 	240,00 ; 	1,00 ;Structură lemn C24 45x240 mm;;
Structuri Timberframe;Planseu;Planseu_Autoportant_Prefab;Planseu_Autoportant_Prefab_PLAp;Structura_lemn_PLAp;60x200 C; 	200,00 ; 	1,00 ;Structură lemn C24 60x200 mm;;
Structuri Timberframe;Planseu;Planseu_Autoportant_Prefab;Planseu_Autoportant_Prefab_PLAp;Structura_lemn_PLAp;60x240 C; 	240,00 ; 	1,00 ;Structură lemn C24 60x240 mm;;
Structuri Timberframe;Planseu;Planseu_Autoportant_Prefab;Planseu_Autoportant_Prefab_PLAp;Structura_lemn_PLAp;100x240 C; 	240,00 ; 	1,00 ;Structură lemn C24 100x240 mm;;
Structuri Timberframe;Planseu;Planseu_Autoportant_Prefab;Planseu_Autoportant_Prefab_PLAp;Placari_jos_structura_PLAp;Betonyp; 	12,00 ; 	1,00 ;Placă de ciment cu așchii de lemn Betonyp 12 mm;;
Structuri Timberframe;Planseu;Planseu_Autoportant_Prefab;Planseu_Autoportant_Prefab_PLAp;Placari_jos_structura_PLAp;FT; 	-   ; 	1,00 ;Folie Permisivă la Transferul de Vapori;;
Structuri Timberframe;Planseu;Planseu_Autoportant_Prefab;Planseu_Autoportant_Prefab_PLAp;Termoizolatie_PLAp;Rockwool Mutirock 0,037 200mm; 	200,00 ; 	1,00 ;Termoizolație Vată Bazaltică Rockwool Multirock λ = 0,037 W/mK 200 mm;;
Structuri Timberframe;Planseu;Planseu_Autoportant_Prefab;Planseu_Autoportant_Prefab_PLAp;Termoizolatie_PLAp;Rockwool Mutirock 0,037 250mm; 	250,00 ; 	1,00 ;Termoizolație Vată Bazaltică Rockwool Multirock λ = 0,037 W/mK 250 mm;;
Structuri Timberframe;Planseu;Planseu_Autoportant_Prefab;Planseu_Autoportant_Prefab_PLAp;Termoizolatie_PLAp;Rockwool Airrock ND λ = 0.035 W/mk 200mm; 	200,00 ; 	1,00 ;Termoizolație Vată Bazaltică Rockwool Airrock ND λ = 0,035 W/mK 200 mm;;
Structuri Timberframe;Planseu;Planseu_Autoportant_Prefab;Planseu_Autoportant_Prefab_PLAp;Termoizolatie_PLAp;Rockwool Airrock ND λ = 0.035 W/mk 250mm; 	250,00 ; 	1,00 ;Termoizolație Vată Bazaltică Rockwool Airrock ND λ = 0,035 W/mK 250 mm;;
Structuri Timberframe;Planseu;Planseu_Autoportant_Prefab;Planseu_Autoportant_Prefab_PLAp;Termoizolatie_PLAp;Isover Forte 0,034 200mm; 	200,00 ; 	1,00 ;Termoizolație Vată Minerală de Sticlă Isover Forte λ = 0,034 W/mK 200 mm;;
Structuri Timberframe;Planseu;Planseu_Autoportant_Prefab;Planseu_Autoportant_Prefab_PLAp;Termoizolatie_PLAp;Isover Forte 0,034 250mm; 	250,00 ; 	1,00 ;Termoizolație Vată Minerală de Sticlă Isover Forte λ = 0,034 W/mK 250 mm;;
Structuri Timberframe;Planseu;Planseu_Autoportant_Prefab;Planseu_Autoportant_Prefab_PLAp;Termoizolatie_PLAp;Isover Superprofi 0,032 200mm; 	200,00 ; 	1,00 ;Termoizolație Vată Minerală de Sticlă Isover Superprofi λ = 0,032 W/mK 200 mm;;
Structuri Timberframe;Planseu;Planseu_Autoportant_Prefab;Planseu_Autoportant_Prefab_PLAp;Termoizolatie_PLAp;Isover Superprofi 0,032 250mm; 	250,00 ; 	1,00 ;Termoizolație Vată Minerală de Sticlă Isover Superprofi λ = 0,032 W/mK 250 mm;;
Structuri Timberframe;Planseu;Planseu_Autoportant_Prefab;Planseu_Autoportant_Prefab_PLAp;Termoizolatie_PLAp;Steico Flex 200mm; 	200,00 ; 	1,00 ;Termoizolație Fibră de Lemn Steico Flex λ = 0,038 W/mK 200 mm;;
Structuri Timberframe;Planseu;Planseu_Autoportant_Prefab;Planseu_Autoportant_Prefab_PLAp;Termoizolatie_PLAp;Steico Flex 240mm; 	240,00 ; 	1,00 ;Termoizolație Fibră de Lemn Steico Flex λ = 0,038 W/mK 240 mm;;
Structuri Timberframe;Planseu;Planseu_Autoportant_Prefab;Planseu_Autoportant_Prefab_PLAp;Termoizolatie_PLAp;BEST WOOD FLEX 50 0.037W/mk 200mm; 	200,00 ; 	1,00 ;Termoizolație Fibră de Lemn Best Wood Flex 50 λ = 0,037 W/mK 200 mm;;
Structuri Timberframe;Planseu;Planseu_Autoportant_Prefab;Planseu_Autoportant_Prefab_PLAp;Termoizolatie_PLAp;BEST WOOD FLEX 50 0.037W/mk 240mm; 	240,00 ; 	1,00 ;Termoizolație Fibră de Lemn Best Wood Flex 50 λ = 0,037 W/mK 240 mm;;
Structuri Timberframe;Planseu;Planseu_Autoportant_Prefab;Planseu_Autoportant_Prefab_PLAp;Placari_sus_structura_PLAp;OSB 22mm NF; 	22,00 ; 	1,00 ;OSB 3 22 mm Nut și Feder;;
Structuri Timberframe;Planseu;Planseu_Autoportant_Prefab;Planseu_Autoportant_Prefab_PLAp;Placari_sus_structura_PLAp;OSB 18mm NF; 	18,00 ; 	1,00 ;OSB 3 18 mm Nut și Feder;;
Structuri Timberframe;Planseu;Planseu_Autoportant_Prefab;Planseu_Autoportant_Prefab_PLAp;Placari_sus_structura_PLAp;FBV; 	-   ; 	1,00 ;Folie Barieră de Vapori;;
Structuri Timberframe;Planseu;Planseu_Autoportant_Prefab;Planseu_Autoportant_Prefab_PLAp;Placari_sus_structura_PLAp;Dusumea 27mm; 	27,00 ; 	1,00 ;Dușumea 27 mm ;;
Structuri Timberframe;Planseu;Planseu_Autoportant_On_site;Planseu_Autoportant_On_site_PLAs;Structura_lemn_PLAs;45x200 C; 	200,00 ; 	1,00 ;Structură lemn C24 45x200 mm;;
Structuri Timberframe;Planseu;Planseu_Autoportant_On_site;Planseu_Autoportant_On_site_PLAs;Structura_lemn_PLAs;45x240 C; 	240,00 ; 	1,00 ;Structură lemn C24 45x240 mm;;
Structuri Timberframe;Planseu;Planseu_Autoportant_On_site;Planseu_Autoportant_On_site_PLAs;Structura_lemn_PLAs;60x200 C; 	200,00 ; 	1,00 ;Structură lemn C24 60x200 mm;;
Structuri Timberframe;Planseu;Planseu_Autoportant_On_site;Planseu_Autoportant_On_site_PLAs;Structura_lemn_PLAs;60x240 C; 	240,00 ; 	1,00 ;Structură lemn C24 60x240 mm;;
Structuri Timberframe;Planseu;Planseu_Autoportant_On_site;Planseu_Autoportant_On_site_PLAs;Structura_lemn_PLAs;100x240 C; 	240,00 ; 	1,00 ;Structură lemn C24 100x240 mm;;
Structuri Timberframe;Planseu;Planseu_Autoportant_On_site;Planseu_Autoportant_On_site_PLAs;Placari_jos_structura_PLAs;Betonyp; 	12,00 ; 	1,00 ;Placă de ciment cu așchii de lemn Betonyp 12 mm;;
Structuri Timberframe;Planseu;Planseu_Autoportant_On_site;Planseu_Autoportant_On_site_PLAs;Placari_jos_structura_PLAs;FT; 	-   ; 	1,00 ;Folie Permisivă la Transferul de Vapori;;
Structuri Timberframe;Planseu;Planseu_Autoportant_On_site;Planseu_Autoportant_On_site_PLAs;Termoizolatie_PLAs;Rockwool Mutirock 0,037 200mm; 	200,00 ; 	1,00 ;Termoizolație Vată Bazaltică Rockwool Multirock λ = 0,037 W/mK 200 mm;;
Structuri Timberframe;Planseu;Planseu_Autoportant_On_site;Planseu_Autoportant_On_site_PLAs;Termoizolatie_PLAs;Rockwool Mutirock 0,037 250mm; 	250,00 ; 	1,00 ;Termoizolație Vată Bazaltică Rockwool Multirock λ = 0,037 W/mK 250 mm;;
Structuri Timberframe;Planseu;Planseu_Autoportant_On_site;Planseu_Autoportant_On_site_PLAs;Termoizolatie_PLAs;Rockwool Airrock ND λ = 0.035 W/mk 200mm; 	200,00 ; 	1,00 ;Termoizolație Vată Bazaltică Rockwool Airrock ND λ = 0,035 W/mK 200 mm;;
Structuri Timberframe;Planseu;Planseu_Autoportant_On_site;Planseu_Autoportant_On_site_PLAs;Termoizolatie_PLAs;Rockwool Airrock ND λ = 0.035 W/mk 250mm; 	250,00 ; 	1,00 ;Termoizolație Vată Bazaltică Rockwool Airrock ND λ = 0,035 W/mK 250 mm;;
Structuri Timberframe;Planseu;Planseu_Autoportant_On_site;Planseu_Autoportant_On_site_PLAs;Termoizolatie_PLAs;Isover Forte 0,034 200mm; 	200,00 ; 	1,00 ;Termoizolație Vată Minerală de Sticlă Isover Forte λ = 0,034 W/mK 200 mm;;
Structuri Timberframe;Planseu;Planseu_Autoportant_On_site;Planseu_Autoportant_On_site_PLAs;Termoizolatie_PLAs;Isover Forte 0,034 250mm; 	250,00 ; 	1,00 ;Termoizolație Vată Minerală de Sticlă Isover Forte λ = 0,034 W/mK 250 mm;;
Structuri Timberframe;Planseu;Planseu_Autoportant_On_site;Planseu_Autoportant_On_site_PLAs;Termoizolatie_PLAs;Isover Superprofi 0,032 200mm; 	200,00 ; 	1,00 ;Termoizolație Vată Minerală de Sticlă Isover Superprofi λ = 0,032 W/mK 200 mm;;
Structuri Timberframe;Planseu;Planseu_Autoportant_On_site;Planseu_Autoportant_On_site_PLAs;Termoizolatie_PLAs;Isover Superprofi 0,032 250mm; 	250,00 ; 	1,00 ;Termoizolație Vată Minerală de Sticlă Isover Superprofi λ = 0,032 W/mK 250 mm;;
Structuri Timberframe;Planseu;Planseu_Autoportant_On_site;Planseu_Autoportant_On_site_PLAs;Termoizolatie_PLAs;Steico Flex 200mm; 	200,00 ; 	1,00 ;Termoizolație Fibră de Lemn Steico Flex λ = 0,038 W/mK 200 mm;;
Structuri Timberframe;Planseu;Planseu_Autoportant_On_site;Planseu_Autoportant_On_site_PLAs;Termoizolatie_PLAs;Steico Flex 240mm; 	240,00 ; 	1,00 ;Termoizolație Fibră de Lemn Steico Flex λ = 0,038 W/mK 240 mm;;
Structuri Timberframe;Planseu;Planseu_Autoportant_On_site;Planseu_Autoportant_On_site_PLAs;Termoizolatie_PLAs;BEST WOOD FLEX 50 0.037W/mk 200mm; 	200,00 ; 	1,00 ;Termoizolație Fibră de Lemn Best Wood Flex 50 λ = 0,037 W/mK 200 mm;;
Structuri Timberframe;Planseu;Planseu_Autoportant_On_site;Planseu_Autoportant_On_site_PLAs;Termoizolatie_PLAs;BEST WOOD FLEX 50 0.037W/mk 240mm; 	240,00 ; 	1,00 ;Termoizolație Fibră de Lemn Best Wood Flex 50 λ = 0,037 W/mK 240 mm;;
Structuri Timberframe;Planseu;Planseu_Autoportant_On_site;Planseu_Autoportant_On_site_PLAs;Placari_sus_structura_PLAs;OSB 22mm NF; 	22,00 ; 	1,00 ;OSB 3 22 mm Nut și Feder;;
Structuri Timberframe;Planseu;Planseu_Autoportant_On_site;Planseu_Autoportant_On_site_PLAs;Placari_sus_structura_PLAs;OSB 18mm NF; 	18,00 ; 	1,00 ;OSB 3 18 mm Nut și Feder;;
Structuri Timberframe;Planseu;Planseu_Autoportant_On_site;Planseu_Autoportant_On_site_PLAs;Placari_sus_structura_PLAs;FBV; 	-   ; 	1,00 ;Folie Barieră de Vapori;;
Structuri Timberframe;Planseu;Planseu_Autoportant_On_site;Planseu_Autoportant_On_site_PLAs;Placari_sus_structura_PLAs;Dusumea 27mm; 	27,00 ; 	1,00 ;Dușumea 27 mm ;;
Structuri Timberframe;Planseu;Planseu_Intre_Etaje_Prefab;Planseu_Intre_Etaje_Prefab_PLIEp;Structura_lemn_PLIEp;45x200 C; 	200,00 ; 	1,00 ;Structură lemn C24 45x200 mm;;
Structuri Timberframe;Planseu;Planseu_Intre_Etaje_Prefab;Planseu_Intre_Etaje_Prefab_PLIEp;Structura_lemn_PLIEp;45x240 C; 	240,00 ; 	1,00 ;Structură lemn C24 45x240 mm;;
Structuri Timberframe;Planseu;Planseu_Intre_Etaje_Prefab;Planseu_Intre_Etaje_Prefab_PLIEp;Structura_lemn_PLIEp;60x200 C; 	200,00 ; 	1,00 ;Structură lemn C24 60x200 mm;;
Structuri Timberframe;Planseu;Planseu_Intre_Etaje_Prefab;Planseu_Intre_Etaje_Prefab_PLIEp;Structura_lemn_PLIEp;60x240 C; 	240,00 ; 	1,00 ;Structură lemn C24 60x240 mm;;
Structuri Timberframe;Planseu;Planseu_Intre_Etaje_Prefab;Planseu_Intre_Etaje_Prefab_PLIEp;Structura_lemn_PLIEp;80x200 C; 	200,00 ; 	1,00 ;Structură lemn C24 80x200 mm ;;
Structuri Timberframe;Planseu;Planseu_Intre_Etaje_Prefab;Planseu_Intre_Etaje_Prefab_PLIEp;Structura_lemn_PLIEp;80x200 GL; 	200,00 ; 	1,00 ;Structură lemn GL24 80x200 mm ;;
Structuri Timberframe;Planseu;Planseu_Intre_Etaje_Prefab;Planseu_Intre_Etaje_Prefab_PLIEp;Structura_lemn_PLIEp;80x240 C; 	240,00 ; 	1,00 ;Structură lemn C24 80x240 mm;;
Structuri Timberframe;Planseu;Planseu_Intre_Etaje_Prefab;Planseu_Intre_Etaje_Prefab_PLIEp;Structura_lemn_PLIEp;80x240 GL; 	240,00 ; 	1,00 ;Structură lemn GL24 80x240 mm;;
Structuri Timberframe;Planseu;Planseu_Intre_Etaje_Prefab;Planseu_Intre_Etaje_Prefab_PLIEp;Structura_lemn_PLIEp;100x160 - 140x280;;;Structură lemn C24 100x160 - 140x280 mm;;
Structuri Timberframe;Planseu;Planseu_Intre_Etaje_Prefab;Planseu_Intre_Etaje_Prefab_PLIEp;Placari_jos_structura_PLIEp;OSB 12mm; 	12,00 ; 	1,00 ;OSB 3 12 mm;;
Structuri Timberframe;Planseu;Planseu_Intre_Etaje_Prefab;Planseu_Intre_Etaje_Prefab_PLIEp;Placari_jos_structura_PLIEp;FBV; 	-   ; 	1,00 ;Folie Barieră de Vapori;;
Structuri Timberframe;Planseu;Planseu_Intre_Etaje_Prefab;Planseu_Intre_Etaje_Prefab_PLIEp;Termoizolatie_PLIEp;Rockwool Mutirock 0,037 200mm; 	200,00 ; 	1,00 ;Termoizolație Vată Bazaltică Rockwool Multirock λ = 0,037 W/mK 200 mm;;
Structuri Timberframe;Planseu;Planseu_Intre_Etaje_Prefab;Planseu_Intre_Etaje_Prefab_PLIEp;Termoizolatie_PLIEp;Rockwool Mutirock 0,037 250mm; 	250,00 ; 	1,00 ;Termoizolație Vată Bazaltică Rockwool Multirock λ = 0,037 W/mK 250 mm;;
Structuri Timberframe;Planseu;Planseu_Intre_Etaje_Prefab;Planseu_Intre_Etaje_Prefab_PLIEp;Termoizolatie_PLIEp;Rockwool Airrock ND λ = 0.035 W/mk 200mm; 	200,00 ; 	1,00 ;Termoizolație Vată Bazaltică Rockwool Airrock ND λ = 0,035 W/mK 200 mm;;
Structuri Timberframe;Planseu;Planseu_Intre_Etaje_Prefab;Planseu_Intre_Etaje_Prefab_PLIEp;Termoizolatie_PLIEp;Rockwool Airrock ND λ = 0.035 W/mk 250mm; 	250,00 ; 	1,00 ;Termoizolație Vată Bazaltică Rockwool Airrock ND λ = 0,035 W/mK 250 mm;;
Structuri Timberframe;Planseu;Planseu_Intre_Etaje_Prefab;Planseu_Intre_Etaje_Prefab_PLIEp;Termoizolatie_PLIEp;Isover Forte 0,034 200mm; 	200,00 ; 	1,00 ;Termoizolație Vată Minerală de Sticlă Isover Forte λ = 0,034 W/mK 200 mm;;
Structuri Timberframe;Planseu;Planseu_Intre_Etaje_Prefab;Planseu_Intre_Etaje_Prefab_PLIEp;Termoizolatie_PLIEp;Isover Forte 0,034 250mm; 	250,00 ; 	1,00 ;Termoizolație Vată Minerală de Sticlă Isover Forte λ = 0,034 W/mK 250 mm;;
Structuri Timberframe;Planseu;Planseu_Intre_Etaje_Prefab;Planseu_Intre_Etaje_Prefab_PLIEp;Termoizolatie_PLIEp;Isover Superprofi 0,032 200mm; 	200,00 ; 	1,00 ;Termoizolație Vată Minerală de Sticlă Isover Superprofi λ = 0,032 W/mK 200 mm;;
Structuri Timberframe;Planseu;Planseu_Intre_Etaje_Prefab;Planseu_Intre_Etaje_Prefab_PLIEp;Termoizolatie_PLIEp;Isover Superprofi 0,032 250mm; 	250,00 ; 	1,00 ;Termoizolație Vată Minerală de Sticlă Isover Superprofi λ = 0,032 W/mK 250 mm;;
Structuri Timberframe;Planseu;Planseu_Intre_Etaje_Prefab;Planseu_Intre_Etaje_Prefab_PLIEp;Termoizolatie_PLIEp;Steico Flex 200mm; 	200,00 ; 	1,00 ;Termoizolație Fibră de Lemn Steico Flex λ = 0,038 W/mK 200 mm;;
Structuri Timberframe;Planseu;Planseu_Intre_Etaje_Prefab;Planseu_Intre_Etaje_Prefab_PLIEp;Termoizolatie_PLIEp;Steico Flex 240mm; 	240,00 ; 	1,00 ;Termoizolație Fibră de Lemn Steico Flex λ = 0,038 W/mK 240 mm;;
Structuri Timberframe;Planseu;Planseu_Intre_Etaje_Prefab;Planseu_Intre_Etaje_Prefab_PLIEp;Termoizolatie_PLIEp;BEST WOOD FLEX 50 0.037W/mk 200mm; 	200,00 ; 	1,00 ;Termoizolație Fibră de Lemn Best Wood Flex 50 λ = 0,037 W/mK 200 mm;;
Structuri Timberframe;Planseu;Planseu_Intre_Etaje_Prefab;Planseu_Intre_Etaje_Prefab_PLIEp;Termoizolatie_PLIEp;BEST WOOD FLEX 50 0.037W/mk 240mm; 	240,00 ; 	1,00 ;Termoizolație Fibră de Lemn Best Wood Flex 50 λ = 0,037 W/mK 240 mm;;
Structuri Timberframe;Planseu;Planseu_Intre_Etaje_Prefab;Planseu_Intre_Etaje_Prefab_PLIEp;Termoizolatie_PLIEp;ISOVER AKUSTO 200mm; 	200,00 ; 	1,00 ;Termoizolație Vată Minerală de Sticlă Isover Akusto λ = 0,039 W/mK 200 mm;;
Structuri Timberframe;Planseu;Planseu_Intre_Etaje_Prefab;Planseu_Intre_Etaje_Prefab_PLIEp;Termoizolatie_PLIEp;ISOVER AKUSTO 250mm; 	250,00 ; 	1,00 ;Termoizolație Vată Minerală de Sticlă Isover Akusto λ = 0,039 W/mK 250 mm;;
Structuri Timberframe;Planseu;Planseu_Intre_Etaje_Prefab;Planseu_Intre_Etaje_Prefab_PLIEp;Placari_sus_structura_PLIEp;OSB 22mm NF; 	22,00 ; 	1,00 ;OSB 3 22 mm Nut și Feder;;
Structuri Timberframe;Planseu;Planseu_Intre_Etaje_Prefab;Planseu_Intre_Etaje_Prefab_PLIEp;Placari_sus_structura_PLIEp;OSB 18mm NF; 	18,00 ; 	1,00 ;OSB 3 18 mm Nut și Feder;;
Structuri Timberframe;Planseu;Planseu_Intre_Etaje_Prefab;Planseu_Intre_Etaje_Prefab_PLIEp;Placari_sus_structura_PLIEp;Dusumea 27mm; 	27,00 ; 	1,00 ;Dușumea 27 mm ;;
Structuri Timberframe;Planseu;Planseu_Intre_Etaje_On_site;Planseu_Intre_Etaje_On_site_PLIEs;Structura_lemn_PLIEs;45x200 C; 	200,00 ; 	1,00 ;Structură lemn C24 45x200 mm;;
Structuri Timberframe;Planseu;Planseu_Intre_Etaje_On_site;Planseu_Intre_Etaje_On_site_PLIEs;Structura_lemn_PLIEs;45x240 C; 	240,00 ; 	1,00 ;Structură lemn C24 45x240 mm;;
Structuri Timberframe;Planseu;Planseu_Intre_Etaje_On_site;Planseu_Intre_Etaje_On_site_PLIEs;Structura_lemn_PLIEs;60x200 C; 	200,00 ; 	1,00 ;Structură lemn C24 60x200 mm;;
Structuri Timberframe;Planseu;Planseu_Intre_Etaje_On_site;Planseu_Intre_Etaje_On_site_PLIEs;Structura_lemn_PLIEs;60x240 C; 	240,00 ; 	1,00 ;Structură lemn C24 60x240 mm;;
Structuri Timberframe;Planseu;Planseu_Intre_Etaje_On_site;Planseu_Intre_Etaje_On_site_PLIEs;Structura_lemn_PLIEs;80x200 C; 	200,00 ; 	1,00 ;Structură lemn C24 80x200 mm ;;
Structuri Timberframe;Planseu;Planseu_Intre_Etaje_On_site;Planseu_Intre_Etaje_On_site_PLIEs;Structura_lemn_PLIEs;80x200 GL; 	200,00 ; 	1,00 ;Structură lemn GL24 80x200 mm ;;
Structuri Timberframe;Planseu;Planseu_Intre_Etaje_On_site;Planseu_Intre_Etaje_On_site_PLIEs;Structura_lemn_PLIEs;80x240 C; 	240,00 ; 	1,00 ;Structură lemn C24 80x240 mm;;
Structuri Timberframe;Planseu;Planseu_Intre_Etaje_On_site;Planseu_Intre_Etaje_On_site_PLIEs;Structura_lemn_PLIEs;80x240 GL; 	240,00 ; 	1,00 ;Structură lemn GL24 80x240 mm;;
Structuri Timberframe;Planseu;Planseu_Intre_Etaje_On_site;Planseu_Intre_Etaje_On_site_PLIEs;Structura_lemn_PLIEs;100x160 - 140x280;;;Structură lemn C24 100x160 - 140x280 mm;;
Structuri Timberframe;Planseu;Planseu_Intre_Etaje_On_site;Planseu_Intre_Etaje_On_site_PLIEs;Placari_jos_structura_PLIEs;OSB 12mm; 	12,00 ; 	1,00 ;OSB 3 12 mm;;
Structuri Timberframe;Planseu;Planseu_Intre_Etaje_On_site;Planseu_Intre_Etaje_On_site_PLIEs;Placari_jos_structura_PLIEs;FBV; 	-   ; 	1,00 ;Folie Barieră de Vapori;;
Structuri Timberframe;Planseu;Planseu_Intre_Etaje_On_site;Planseu_Intre_Etaje_On_site_PLIEs;Termoizolatie_PLIEs;Rockwool Mutirock 0,037 200mm; 	200,00 ; 	1,00 ;Termoizolație Vată Bazaltică Rockwool Multirock λ = 0,037 W/mK 200 mm;;
Structuri Timberframe;Planseu;Planseu_Intre_Etaje_On_site;Planseu_Intre_Etaje_On_site_PLIEs;Termoizolatie_PLIEs;Rockwool Mutirock 0,037 250mm; 	250,00 ; 	1,00 ;Termoizolație Vată Bazaltică Rockwool Multirock λ = 0,037 W/mK 250 mm;;
Structuri Timberframe;Planseu;Planseu_Intre_Etaje_On_site;Planseu_Intre_Etaje_On_site_PLIEs;Termoizolatie_PLIEs;Rockwool Airrock ND λ = 0.035 W/mk 200mm; 	200,00 ; 	1,00 ;Termoizolație Vată Bazaltică Rockwool Airrock ND λ = 0,035 W/mK 200 mm;;
Structuri Timberframe;Planseu;Planseu_Intre_Etaje_On_site;Planseu_Intre_Etaje_On_site_PLIEs;Termoizolatie_PLIEs;Rockwool Airrock ND λ = 0.035 W/mk 250mm; 	250,00 ; 	1,00 ;Termoizolație Vată Bazaltică Rockwool Airrock ND λ = 0,035 W/mK 250 mm;;
Structuri Timberframe;Planseu;Planseu_Intre_Etaje_On_site;Planseu_Intre_Etaje_On_site_PLIEs;Termoizolatie_PLIEs;Isover Forte 0,034 200mm; 	200,00 ; 	1,00 ;Termoizolație Vată Minerală de Sticlă Isover Forte λ = 0,034 W/mK 200 mm;;
Structuri Timberframe;Planseu;Planseu_Intre_Etaje_On_site;Planseu_Intre_Etaje_On_site_PLIEs;Termoizolatie_PLIEs;Isover Forte 0,034 250mm; 	250,00 ; 	1,00 ;Termoizolație Vată Minerală de Sticlă Isover Forte λ = 0,034 W/mK 250 mm;;
Structuri Timberframe;Planseu;Planseu_Intre_Etaje_On_site;Planseu_Intre_Etaje_On_site_PLIEs;Termoizolatie_PLIEs;Isover Superprofi 0,032 200mm; 	200,00 ; 	1,00 ;Termoizolație Vată Minerală de Sticlă Isover Superprofi λ = 0,032 W/mK 200 mm;;
Structuri Timberframe;Planseu;Planseu_Intre_Etaje_On_site;Planseu_Intre_Etaje_On_site_PLIEs;Termoizolatie_PLIEs;Isover Superprofi 0,032 250mm; 	250,00 ; 	1,00 ;Termoizolație Vată Minerală de Sticlă Isover Superprofi λ = 0,032 W/mK 250 mm;;
Structuri Timberframe;Planseu;Planseu_Intre_Etaje_On_site;Planseu_Intre_Etaje_On_site_PLIEs;Termoizolatie_PLIEs;Steico Flex 200mm; 	200,00 ; 	1,00 ;Termoizolație Fibră de Lemn Steico Flex λ = 0,038 W/mK 200 mm;;
Structuri Timberframe;Planseu;Planseu_Intre_Etaje_On_site;Planseu_Intre_Etaje_On_site_PLIEs;Termoizolatie_PLIEs;Steico Flex 240mm; 	240,00 ; 	1,00 ;Termoizolație Fibră de Lemn Steico Flex λ = 0,038 W/mK 240 mm;;
Structuri Timberframe;Planseu;Planseu_Intre_Etaje_On_site;Planseu_Intre_Etaje_On_site_PLIEs;Termoizolatie_PLIEs;BEST WOOD FLEX 50 0.037W/mk 200mm; 	200,00 ; 	1,00 ;Termoizolație Fibră de Lemn Best Wood Flex 50 λ = 0,037 W/mK 200 mm;;
Structuri Timberframe;Planseu;Planseu_Intre_Etaje_On_site;Planseu_Intre_Etaje_On_site_PLIEs;Termoizolatie_PLIEs;BEST WOOD FLEX 50 0.037W/mk 240mm; 	240,00 ; 	1,00 ;Termoizolație Fibră de Lemn Best Wood Flex 50 λ = 0,037 W/mK 240 mm;;
Structuri Timberframe;Planseu;Planseu_Intre_Etaje_On_site;Planseu_Intre_Etaje_On_site_PLIEs;Termoizolatie_PLIEs;ISOVER AKUSTO 200mm; 	200,00 ; 	1,00 ;Termoizolație Vată Minerală de Sticlă Isover Akusto λ = 0,039 W/mK 200 mm;;
Structuri Timberframe;Planseu;Planseu_Intre_Etaje_On_site;Planseu_Intre_Etaje_On_site_PLIEs;Termoizolatie_PLIEs;ISOVER AKUSTO 250mm; 	250,00 ; 	1,00 ;Termoizolație Vată Minerală de Sticlă Isover Akusto λ = 0,039 W/mK 250 mm;;
Structuri Timberframe;Planseu;Planseu_Intre_Etaje_On_site;Planseu_Intre_Etaje_On_site_PLIEs;Placari_sus_structura_PLIEs;OSB 22mm NF; 	22,00 ; 	1,00 ;OSB 3 22 mm Nut și Feder;;
Structuri Timberframe;Planseu;Planseu_Pod_Rece_Prefab;Planseu_Pod_Rece_Prefab_PLPRp;Structura_lemn_PLPRp;45x200 C; 	200,00 ; 	1,00 ;Structură lemn C24 45x200 mm;;
Structuri Timberframe;Planseu;Planseu_Pod_Rece_Prefab;Planseu_Pod_Rece_Prefab_PLPRp;Structura_lemn_PLPRp;45x240 C; 	240,00 ; 	1,00 ;Structură lemn C24 45x240 mm;;
Structuri Timberframe;Planseu;Planseu_Pod_Rece_Prefab;Planseu_Pod_Rece_Prefab_PLPRp;Structura_lemn_PLPRp;60x200 C; 	200,00 ; 	1,00 ;Structură lemn C24 60x200 mm;;
Structuri Timberframe;Planseu;Planseu_Pod_Rece_Prefab;Planseu_Pod_Rece_Prefab_PLPRp;Structura_lemn_PLPRp;60x240 C; 	240,00 ; 	1,00 ;Structură lemn C24 60x240 mm;;
Structuri Timberframe;Planseu;Planseu_Pod_Rece_Prefab;Planseu_Pod_Rece_Prefab_PLPRp;Placari_jos_structura_PLPRp;OSB 12mm; 	12,00 ; 	1,00 ;OSB 3 12 mm;;
Structuri Timberframe;Planseu;Planseu_Pod_Rece_Prefab;Planseu_Pod_Rece_Prefab_PLPRp;Placari_jos_structura_PLPRp;FBV; 	-   ; 	1,00 ;Folie Barieră de Vapori;;
Structuri Timberframe;Planseu;Planseu_Pod_Rece_Prefab;Planseu_Pod_Rece_Prefab_PLPRp;Termoizolatie_PLPRp;Rockwool Mutirock 0,037 200mm; 	200,00 ; 	1,00 ;Termoizolație Vată Bazaltică Rockwool Multirock λ = 0,037 W/mK 200 mm;;
Structuri Timberframe;Planseu;Planseu_Pod_Rece_Prefab;Planseu_Pod_Rece_Prefab_PLPRp;Termoizolatie_PLPRp;Rockwool Mutirock 0,037 250mm; 	250,00 ; 	1,00 ;Termoizolație Vată Bazaltică Rockwool Multirock λ = 0,037 W/mK 250 mm;;
Structuri Timberframe;Planseu;Planseu_Pod_Rece_Prefab;Planseu_Pod_Rece_Prefab_PLPRp;Termoizolatie_PLPRp;Rockwool Airrock ND λ = 0.035 W/mk 200mm; 	200,00 ; 	1,00 ;Termoizolație Vată Bazaltică Rockwool Airrock ND λ = 0,035 W/mK 200 mm;;
Structuri Timberframe;Planseu;Planseu_Pod_Rece_Prefab;Planseu_Pod_Rece_Prefab_PLPRp;Termoizolatie_PLPRp;Rockwool Airrock ND λ = 0.035 W/mk 250mm; 	250,00 ; 	1,00 ;Termoizolație Vată Bazaltică Rockwool Airrock ND λ = 0,035 W/mK 250 mm;;
Structuri Timberframe;Planseu;Planseu_Pod_Rece_Prefab;Planseu_Pod_Rece_Prefab_PLPRp;Termoizolatie_PLPRp;Isover Forte 0,034 200mm; 	200,00 ; 	1,00 ;Termoizolație Vată Minerală de Sticlă Isover Forte λ = 0,034 W/mK 200 mm;;
Structuri Timberframe;Planseu;Planseu_Pod_Rece_Prefab;Planseu_Pod_Rece_Prefab_PLPRp;Termoizolatie_PLPRp;Isover Forte 0,034 250mm; 	250,00 ; 	1,00 ;Termoizolație Vată Minerală de Sticlă Isover Forte λ = 0,034 W/mK 250 mm;;
Structuri Timberframe;Planseu;Planseu_Pod_Rece_Prefab;Planseu_Pod_Rece_Prefab_PLPRp;Termoizolatie_PLPRp;Isover Superprofi 0,032 200mm; 	200,00 ; 	1,00 ;Termoizolație Vată Minerală de Sticlă Isover Superprofi λ = 0,032 W/mK 200 mm;;
Structuri Timberframe;Planseu;Planseu_Pod_Rece_Prefab;Planseu_Pod_Rece_Prefab_PLPRp;Termoizolatie_PLPRp;Isover Superprofi 0,032 250mm; 	250,00 ; 	1,00 ;Termoizolație Vată Minerală de Sticlă Isover Superprofi λ = 0,032 W/mK 250 mm;;
Structuri Timberframe;Planseu;Planseu_Pod_Rece_Prefab;Planseu_Pod_Rece_Prefab_PLPRp;Termoizolatie_PLPRp;Steico Flex 200mm; 	200,00 ; 	1,00 ;Termoizolație Fibră de Lemn Steico Flex λ = 0,038 W/mK 200 mm;;
Structuri Timberframe;Planseu;Planseu_Pod_Rece_Prefab;Planseu_Pod_Rece_Prefab_PLPRp;Termoizolatie_PLPRp;Steico Flex 240mm; 	240,00 ; 	1,00 ;Termoizolație Fibră de Lemn Steico Flex λ = 0,038 W/mK 240 mm;;
Structuri Timberframe;Planseu;Planseu_Pod_Rece_Prefab;Planseu_Pod_Rece_Prefab_PLPRp;Termoizolatie_PLPRp;BEST WOOD FLEX 50 0.037W/mk 200mm; 	200,00 ; 	1,00 ;Termoizolație Fibră de Lemn Best Flex 50 λ = 0,037 W/mK 200 mm;;
Structuri Timberframe;Planseu;Planseu_Pod_Rece_Prefab;Planseu_Pod_Rece_Prefab_PLPRp;Termoizolatie_PLPRp;BEST WOOD FLEX 50 0.037W/mk 240mm; 	240,00 ; 	1,00 ;Termoizolație Fibră de Lemn Best Wood Flex 50 λ = 0,037 W/mK 240 mm;;
Structuri Timberframe;Planseu;Planseu_Pod_Rece_Prefab;Planseu_Pod_Rece_Prefab_PLPRp;Placari_sus_structura_PLPRp;Scandura oarba; 	22,00 ; 	1,00 ;Scândură oarbă 22 mm ;;
Structuri Timberframe;Planseu;Planseu_Pod_Rece_Prefab;Planseu_Pod_Rece_Prefab_PLPRp;Placari_sus_structura_PLPRp;DHF 15mm; 	15,00 ; 	1,00 ;DHF 15 mm;;
Structuri Timberframe;Planseu;Planseu_Pod_Rece_Prefab;Planseu_Pod_Rece_Prefab_PLPRp;Placari_sus_structura_PLPRp;FT; 	-   ; 	1,00 ;Folie Permisivă la Transferul de Vapori;;
Structuri Timberframe;Planseu;Planseu_Pod_Rece_On_site;Planseu_Pod_Rece_On_site_PLPRs;Structura_lemn_PLPRs;45x200 C; 	200,00 ; 	1,00 ;Structură lemn C24 45x200 mm;;
Structuri Timberframe;Planseu;Planseu_Pod_Rece_On_site;Planseu_Pod_Rece_On_site_PLPRs;Structura_lemn_PLPRs;45x240 C; 	240,00 ; 	1,00 ;Structură lemn C24 45x240 mm;;
Structuri Timberframe;Planseu;Planseu_Pod_Rece_On_site;Planseu_Pod_Rece_On_site_PLPRs;Structura_lemn_PLPRs;60x200 C; 	200,00 ; 	1,00 ;Structură lemn C24 60x200 mm;;
Structuri Timberframe;Planseu;Planseu_Pod_Rece_On_site;Planseu_Pod_Rece_On_site_PLPRs;Structura_lemn_PLPRs;60x240 C; 	240,00 ; 	1,00 ;Structură lemn C24 60x240 mm;;
Structuri Timberframe;Planseu;Planseu_Pod_Rece_On_site;Planseu_Pod_Rece_On_site_PLPRs;Placari_jos_structura_PLPRs;OSB 12mm; 	12,00 ; 	1,00 ;OSB 3 12 mm;;
Structuri Timberframe;Planseu;Planseu_Pod_Rece_On_site;Planseu_Pod_Rece_On_site_PLPRs;Placari_jos_structura_PLPRs;FBV; 	-   ; 	1,00 ;Folie Barieră de Vapori;;
Structuri Timberframe;Planseu;Planseu_Pod_Rece_On_site;Planseu_Pod_Rece_On_site_PLPRs;Termoizolatie_PLPRs;Rockwool Mutirock 0,037 200mm; 	200,00 ; 	1,00 ;Termoizolație Vată Bazaltică Rockwool Multirock λ = 0,037 W/mK 200 mm;;
Structuri Timberframe;Planseu;Planseu_Pod_Rece_On_site;Planseu_Pod_Rece_On_site_PLPRs;Termoizolatie_PLPRs;Rockwool Mutirock 0,037 250mm; 	250,00 ; 	1,00 ;Termoizolație Vată Bazaltică Rockwool Multirock λ = 0,037 W/mK 250 mm;;
Structuri Timberframe;Planseu;Planseu_Pod_Rece_On_site;Planseu_Pod_Rece_On_site_PLPRs;Termoizolatie_PLPRs;Rockwool Airrock ND λ = 0.035 W/mk 200mm; 	200,00 ; 	1,00 ;Termoizolație Vată Bazaltică Rockwool Airrock ND λ = 0,035 W/mK 200 mm;;
Structuri Timberframe;Planseu;Planseu_Pod_Rece_On_site;Planseu_Pod_Rece_On_site_PLPRs;Termoizolatie_PLPRs;Rockwool Airrock ND λ = 0.035 W/mk 250mm; 	250,00 ; 	1,00 ;Termoizolație Vată Bazaltică Rockwool Airrock ND λ = 0,035 W/mK 250 mm;;
Structuri Timberframe;Planseu;Planseu_Pod_Rece_On_site;Planseu_Pod_Rece_On_site_PLPRs;Termoizolatie_PLPRs;Isover Forte 0,034 200mm; 	200,00 ; 	1,00 ;Termoizolație Vată Minerală de Sticlă Isover Forte λ = 0,034 W/mK 200 mm;;
Structuri Timberframe;Planseu;Planseu_Pod_Rece_On_site;Planseu_Pod_Rece_On_site_PLPRs;Termoizolatie_PLPRs;Isover Forte 0,034 250mm; 	250,00 ; 	1,00 ;Termoizolație Vată Minerală de Sticlă Isover Forte λ = 0,034 W/mK 250 mm;;
Structuri Timberframe;Planseu;Planseu_Pod_Rece_On_site;Planseu_Pod_Rece_On_site_PLPRs;Termoizolatie_PLPRs;Isover Superprofi 0,032 200mm; 	200,00 ; 	1,00 ;Termoizolație Vată Minerală de Sticlă Isover Superprofi λ = 0,032 W/mK 200 mm;;
Structuri Timberframe;Planseu;Planseu_Pod_Rece_On_site;Planseu_Pod_Rece_On_site_PLPRs;Termoizolatie_PLPRs;Isover Superprofi 0,032 250mm; 	250,00 ; 	1,00 ;Termoizolație Vată Minerală de Sticlă Isover Superprofi λ = 0,032 W/mK 250 mm;;
Structuri Timberframe;Planseu;Planseu_Pod_Rece_On_site;Planseu_Pod_Rece_On_site_PLPRs;Termoizolatie_PLPRs;Steico Flex 200mm; 	200,00 ; 	1,00 ;Termoizolație Fibră de Lemn Steico Flex λ = 0,038 W/mK 200 mm;;
Structuri Timberframe;Planseu;Planseu_Pod_Rece_On_site;Planseu_Pod_Rece_On_site_PLPRs;Termoizolatie_PLPRs;Steico Flex 240mm; 	240,00 ; 	1,00 ;Termoizolație Fibră de Lemn Steico Flex λ = 0,038 W/mK 240 mm;;
Structuri Timberframe;Planseu;Planseu_Pod_Rece_On_site;Planseu_Pod_Rece_On_site_PLPRs;Termoizolatie_PLPRs;BEST WOOD FLEX 50 0.037W/mk 200mm; 	200,00 ; 	1,00 ;Termoizolație Fibră de Lemn Best Wood Flex 50 λ = 0,037 W/mK 200 mm;;
Structuri Timberframe;Planseu;Planseu_Pod_Rece_On_site;Planseu_Pod_Rece_On_site_PLPRs;Termoizolatie_PLPRs;BEST WOOD FLEX 50 0.037W/mk 240mm; 	240,00 ; 	1,00 ;Termoizolație Fibră de Lemn Best Wood Flex 50 λ = 0,037 W/mK 240 mm;;
Structuri Timberframe;Planseu;Planseu_Pod_Rece_On_site;Planseu_Pod_Rece_On_site_PLPRs;Placari_sus_structura_PLPRs;Scandura oarba; 	22,00 ; 	1,00 ;Scândură oarbă 22 mm ;;
Structuri Timberframe;Planseu;Planseu_Pod_Rece_On_site;Planseu_Pod_Rece_On_site_PLPRs;Placari_sus_structura_PLPRs;DHF 15mm; 	15,00 ; 	1,00 ;DHF 15 mm;;
Structuri Timberframe;Planseu;Planseu_Pod_Rece_On_site;Planseu_Pod_Rece_On_site_PLPRs;Placari_sus_structura_PLPRs;FT; 	-   ; 	1,00 ;Folie Permisivă la Transferul de Vapori;;
Structuri Timberframe;Acoperis;Acoperis_Inclinat_Prefab;Acoperis_Inclinat_Prefab_AIp;Structura_lemn_AIp;45x200 C; 	200,00 ; 	1,00 ;Structură lemn C24 45x200 mm;;
Structuri Timberframe;Acoperis;Acoperis_Inclinat_Prefab;Acoperis_Inclinat_Prefab_AIp;Structura_lemn_AIp;45x240 C; 	240,00 ; 	1,00 ;Structură lemn C24 45x240 mm;;
Structuri Timberframe;Acoperis;Acoperis_Inclinat_Prefab;Acoperis_Inclinat_Prefab_AIp;Structura_lemn_AIp;60x150 C; 	150,00 ; 	1,00 ;Structură lemn C24 60x150 mm;;
Structuri Timberframe;Acoperis;Acoperis_Inclinat_Prefab;Acoperis_Inclinat_Prefab_AIp;Structura_lemn_AIp;60x200 C; 	200,00 ; 	1,00 ;Structură lemn C24 60x200 mm;;
Structuri Timberframe;Acoperis;Acoperis_Inclinat_Prefab;Acoperis_Inclinat_Prefab_AIp;Structura_lemn_AIp;60x240 C; 	240,00 ; 	1,00 ;Structură lemn C24 60x240 mm;;
Structuri Timberframe;Acoperis;Acoperis_Inclinat_Prefab;Acoperis_Inclinat_Prefab_AIp;Structura_lemn_AIp;80x200 C; 	200,00 ; 	1,00 ;Structură lemn C24 80x200 mm ;;
Structuri Timberframe;Acoperis;Acoperis_Inclinat_Prefab;Acoperis_Inclinat_Prefab_AIp;Structura_lemn_AIp;80x240 C; 	240,00 ; 	1,00 ;Structură lemn C24 80x240 mm;;
Structuri Timberframe;Acoperis;Acoperis_Inclinat_Prefab;Acoperis_Inclinat_Prefab_AIp;Structura_lemn_AIp;100x160 - 140x280;;;Structură lemn C24 100x160 - 140x280 mm;;
Structuri Timberframe;Acoperis;Acoperis_Inclinat_Prefab;Acoperis_Inclinat_Prefab_AIp;Placari_jos_structura_Aip;OSB 12mm; 	12,00 ; 	1,00 ;OSB 3 12 mm;;
Structuri Timberframe;Acoperis;Acoperis_Inclinat_Prefab;Acoperis_Inclinat_Prefab_AIp;Placari_jos_structura_Aip;OSB 15mm; 	15,00 ; 	1,00 ;OSB 3 15 mm;;
Structuri Timberframe;Acoperis;Acoperis_Inclinat_Prefab;Acoperis_Inclinat_Prefab_AIp;Placari_jos_structura_Aip;FBV; 	-   ; 	1,00 ;Folie Barieră de Vapori;;
Structuri Timberframe;Acoperis;Acoperis_Inclinat_Prefab;Acoperis_Inclinat_Prefab_AIp;Termoizolatie_Aip;Rockwool Mutirock 0,037 150mm; 	150,00 ; 	1,00 ;Termoizolație Vată Bazaltică Rockwool Multirock λ = 0,037 W/mK 150 mm;;
Structuri Timberframe;Acoperis;Acoperis_Inclinat_Prefab;Acoperis_Inclinat_Prefab_AIp;Termoizolatie_Aip;Rockwool Mutirock 0,037 200mm; 	200,00 ; 	1,00 ;Termoizolație Vată Bazaltică Rockwool Multirock λ = 0,037 W/mK 200 mm;;
Structuri Timberframe;Acoperis;Acoperis_Inclinat_Prefab;Acoperis_Inclinat_Prefab_AIp;Termoizolatie_Aip;Rockwool Mutirock 0,037 250mm; 	250,00 ; 	1,00 ;Termoizolație Vată Bazaltică Rockwool Multirock λ = 0,037 W/mK 250 mm;;
Structuri Timberframe;Acoperis;Acoperis_Inclinat_Prefab;Acoperis_Inclinat_Prefab_AIp;Termoizolatie_Aip;Rockwool Airrock ND λ = 0.035 W/mk 140mm; 	140,00 ; 	1,00 ;Termoizolație Vată Bazaltică Rockwool Airrock ND λ = 0,035 W/mK 140 mm;;
Structuri Timberframe;Acoperis;Acoperis_Inclinat_Prefab;Acoperis_Inclinat_Prefab_AIp;Termoizolatie_Aip;Rockwool Airrock ND λ = 0.035 W/mk 200mm; 	200,00 ; 	1,00 ;Termoizolație Vată Bazaltică Rockwool Airrock ND λ = 0,035 W/mK 200 mm;;
Structuri Timberframe;Acoperis;Acoperis_Inclinat_Prefab;Acoperis_Inclinat_Prefab_AIp;Termoizolatie_Aip;Rockwool Airrock ND λ = 0.035 W/mk 250mm; 	250,00 ; 	1,00 ;Termoizolație Vată Bazaltică Rockwool Airrock ND λ = 0,035 W/mK 250 mm;;
Structuri Timberframe;Acoperis;Acoperis_Inclinat_Prefab;Acoperis_Inclinat_Prefab_AIp;Termoizolatie_Aip;Isover Forte 0,034 150mm; 	150,00 ; 	1,00 ;Termoizolație Vată Minerală de Sticlă Isover Forte λ = 0,034 W/mK 150 mm;;
Structuri Timberframe;Acoperis;Acoperis_Inclinat_Prefab;Acoperis_Inclinat_Prefab_AIp;Termoizolatie_Aip;Isover Forte 0,034 200mm; 	200,00 ; 	1,00 ;Termoizolație Vată Minerală de Sticlă Isover Forte λ = 0,034 W/mK 200 mm;;
Structuri Timberframe;Acoperis;Acoperis_Inclinat_Prefab;Acoperis_Inclinat_Prefab_AIp;Termoizolatie_Aip;Isover Forte 0,034 250mm; 	250,00 ; 	1,00 ;Termoizolație Vată Minerală de Sticlă Isover Forte λ = 0,034 W/mK 250 mm;;
Structuri Timberframe;Acoperis;Acoperis_Inclinat_Prefab;Acoperis_Inclinat_Prefab_AIp;Termoizolatie_Aip;Isover Superprofi 0,032 150mm; 	150,00 ; 	1,00 ;Termoizolație Vată Minerală de Sticlă Isover Superprofi λ = 0,032 W/mK 150 mm;;
Structuri Timberframe;Acoperis;Acoperis_Inclinat_Prefab;Acoperis_Inclinat_Prefab_AIp;Termoizolatie_Aip;Isover Superprofi 0,032 200mm; 	200,00 ; 	1,00 ;Termoizolație Vată Minerală de Sticlă Isover Superprofi λ = 0,032 W/mK 200 mm;;
Structuri Timberframe;Acoperis;Acoperis_Inclinat_Prefab;Acoperis_Inclinat_Prefab_AIp;Termoizolatie_Aip;Isover Superprofi 0,032 250mm; 	250,00 ; 	1,00 ;Termoizolație Vată Minerală de Sticlă Isover Superprofi λ = 0,032 W/mK 250 mm;;
Structuri Timberframe;Acoperis;Acoperis_Inclinat_Prefab;Acoperis_Inclinat_Prefab_AIp;Termoizolatie_Aip;Steico Flex 140mm; 	140,00 ; 	1,00 ;Termoizolație Fibră de Lemn Steico Flex λ = 0,038 W/mK 140 mm;;
Structuri Timberframe;Acoperis;Acoperis_Inclinat_Prefab;Acoperis_Inclinat_Prefab_AIp;Termoizolatie_Aip;Steico Flex 200mm; 	200,00 ; 	1,00 ;Termoizolație Fibră de Lemn Steico Flex λ = 0,038 W/mK 200 mm;;
Structuri Timberframe;Acoperis;Acoperis_Inclinat_Prefab;Acoperis_Inclinat_Prefab_AIp;Termoizolatie_Aip;Steico Flex 240mm; 	240,00 ; 	1,00 ;Termoizolație Fibră de Lemn Steico Flex λ = 0,038 W/mK 240 mm;;
Structuri Timberframe;Acoperis;Acoperis_Inclinat_Prefab;Acoperis_Inclinat_Prefab_AIp;Termoizolatie_Aip;BEST WOOD FLEX 50 0.037W/mk 140mm; 	140,00 ; 	1,00 ;Termoizolație Fibră de Lemn Best Wood Flex 50 λ = 0,037 W/mK 140 mm;;
Structuri Timberframe;Acoperis;Acoperis_Inclinat_Prefab;Acoperis_Inclinat_Prefab_AIp;Termoizolatie_Aip;BEST WOOD FLEX 50 0.037W/mk 200mm; 	200,00 ; 	1,00 ;Termoizolație Fibră de Lemn Best Wood Flex 50 λ = 0,037 W/mK 200 mm;;
Structuri Timberframe;Acoperis;Acoperis_Inclinat_Prefab;Acoperis_Inclinat_Prefab_AIp;Termoizolatie_Aip;BEST WOOD FLEX 50 0.037W/mk 240mm; 	240,00 ; 	1,00 ;Termoizolație Fibră de Lemn Best Wood Flex 50 λ = 0,037 W/mK 240 mm;;
Structuri Timberframe;Acoperis;Acoperis_Inclinat_Prefab;Acoperis_Inclinat_Prefab_AIp;Placari_sus_structura_Aip;OSB 12mm; 	12,00 ; 	1,00 ;OSB 3 12 mm;;
Structuri Timberframe;Acoperis;Acoperis_Inclinat_Prefab;Acoperis_Inclinat_Prefab_AIp;Placari_sus_structura_Aip;OSB 15mm; 	15,00 ; 	1,00 ;OSB 3 15 mm;;
Structuri Timberframe;Acoperis;Acoperis_Inclinat_Prefab;Acoperis_Inclinat_Prefab_AIp;Placari_sus_structura_Aip;DHF 15mm; 	15,00 ; 	1,00 ;DHF 15 mm;;
Structuri Timberframe;Acoperis;Acoperis_Inclinat_Prefab;Acoperis_Inclinat_Prefab_AIp;Placari_sus_structura_Aip;Caroiaj; 	38,00 ; 	1,00 ;Caroiaj 38 mm;;
Structuri Timberframe;Acoperis;Acoperis_Inclinat_Prefab;Acoperis_Inclinat_Prefab_AIp;Placari_sus_structura_Aip;Scandura oarba; 	22,00 ; 	1,00 ;Scândură oarbă 22 mm ;;
Structuri Timberframe;Acoperis;Acoperis_Inclinat_Prefab;Acoperis_Inclinat_Prefab_AIp;Placari_sus_structura_Aip;Fibra de lemn ; 	60,00 ; 	1,00 ;Fibră de Lemn 60 mm ;;
Structuri Timberframe;Acoperis;Acoperis_Inclinat_On_site;Acoperis_Inclinat_On_site_AIs;Structura_lemn_AIs;45x200 C; 	200,00 ; 	1,00 ;Structură lemn C24 45x200 mm;;
Structuri Timberframe;Acoperis;Acoperis_Inclinat_On_site;Acoperis_Inclinat_On_site_AIs;Structura_lemn_AIs;45x240 C; 	240,00 ; 	1,00 ;Structură lemn C24 45x240 mm;;
Structuri Timberframe;Acoperis;Acoperis_Inclinat_On_site;Acoperis_Inclinat_On_site_AIs;Structura_lemn_AIs;60x150 C; 	150,00 ; 	1,00 ;Structură lemn C24 60x150 mm;;
Structuri Timberframe;Acoperis;Acoperis_Inclinat_On_site;Acoperis_Inclinat_On_site_AIs;Structura_lemn_AIs;60x200 C; 	200,00 ; 	1,00 ;Structură lemn C24 60x200 mm;;
Structuri Timberframe;Acoperis;Acoperis_Inclinat_On_site;Acoperis_Inclinat_On_site_AIs;Structura_lemn_AIs;60x240 C; 	240,00 ; 	1,00 ;Structură lemn C24 60x240 mm;;
Structuri Timberframe;Acoperis;Acoperis_Inclinat_On_site;Acoperis_Inclinat_On_site_AIs;Structura_lemn_AIs;80x200 C; 	200,00 ; 	1,00 ;Structură lemn C24 80x200 mm ;;
Structuri Timberframe;Acoperis;Acoperis_Inclinat_On_site;Acoperis_Inclinat_On_site_AIs;Structura_lemn_AIs;80x240 C; 	240,00 ; 	1,00 ;Structură lemn C24 80x240 mm;;
Structuri Timberframe;Acoperis;Acoperis_Inclinat_On_site;Acoperis_Inclinat_On_site_AIs;Structura_lemn_AIs;100x160 - 140x280;;;Structură lemn C24 100x160 - 140x280 mm;;
Structuri Timberframe;Acoperis;Acoperis_Inclinat_On_site;Acoperis_Inclinat_On_site_AIs;Structura_lemn_AIs;Ferme - 100, 150, 200 conform calcul - cherestea;;;;;
Structuri Timberframe;Acoperis;Acoperis_Inclinat_On_site;Acoperis_Inclinat_On_site_AIs;Placari_jos_structura_AIs;OSB 12mm; 	12,00 ; 	1,00 ;OSB 3 12 mm;;
Structuri Timberframe;Acoperis;Acoperis_Inclinat_On_site;Acoperis_Inclinat_On_site_AIs;Placari_jos_structura_AIs;OSB 15mm; 	15,00 ; 	1,00 ;OSB 3 15 mm;;
Structuri Timberframe;Acoperis;Acoperis_Inclinat_On_site;Acoperis_Inclinat_On_site_AIs;Placari_jos_structura_AIs;FBV; 	-   ; 	1,00 ;Folie Barieră de Vapori;;
Structuri Timberframe;Acoperis;Acoperis_Inclinat_On_site;Acoperis_Inclinat_On_site_AIs;Termoizolatie_AIs;Rockwool Mutirock 0,037 150mm; 	150,00 ; 	1,00 ;Termoizolație Vată Bazaltică Rockwool Multirock λ = 0,037 W/mK 150 mm;;
Structuri Timberframe;Acoperis;Acoperis_Inclinat_On_site;Acoperis_Inclinat_On_site_AIs;Termoizolatie_AIs;Rockwool Mutirock 0,037 200mm; 	200,00 ; 	1,00 ;Termoizolație Vată Bazaltică Rockwool Multirock λ = 0,037 W/mK 200 mm;;
Structuri Timberframe;Acoperis;Acoperis_Inclinat_On_site;Acoperis_Inclinat_On_site_AIs;Termoizolatie_AIs;Rockwool Mutirock 0,037 250mm; 	250,00 ; 	1,00 ;Termoizolație Vată Bazaltică Rockwool Multirock λ = 0,037 W/mK 250 mm;;
Structuri Timberframe;Acoperis;Acoperis_Inclinat_On_site;Acoperis_Inclinat_On_site_AIs;Termoizolatie_AIs;Rockwool Airrock ND λ = 0.035 W/mk 140mm; 	140,00 ; 	1,00 ;Termoizolație Vată Bazaltică Rockwool Airrock ND λ = 0,035 W/mK 140 mm;;
Structuri Timberframe;Acoperis;Acoperis_Inclinat_On_site;Acoperis_Inclinat_On_site_AIs;Termoizolatie_AIs;Rockwool Airrock ND λ = 0.035 W/mk 200mm; 	200,00 ; 	1,00 ;Termoizolație Vată Bazaltică Rockwool Airrock ND λ = 0,035 W/mK 200 mm;;
Structuri Timberframe;Acoperis;Acoperis_Inclinat_On_site;Acoperis_Inclinat_On_site_AIs;Termoizolatie_AIs;Rockwool Airrock ND λ = 0.035 W/mk 250mm; 	250,00 ; 	1,00 ;Termoizolație Vată Bazaltică Rockwool Airrock ND λ = 0,035 W/mK 250 mm;;
Structuri Timberframe;Acoperis;Acoperis_Inclinat_On_site;Acoperis_Inclinat_On_site_AIs;Termoizolatie_AIs;Isover Forte 0,034 150mm; 	150,00 ; 	1,00 ;Termoizolație Vată Minerală de Sticlă Isover Forte λ = 0,034 W/mK 150 mm;;
Structuri Timberframe;Acoperis;Acoperis_Inclinat_On_site;Acoperis_Inclinat_On_site_AIs;Termoizolatie_AIs;Isover Forte 0,034 200mm; 	200,00 ; 	1,00 ;Termoizolație Vată Minerală de Sticlă Isover Forte λ = 0,034 W/mK 200 mm;;
Structuri Timberframe;Acoperis;Acoperis_Inclinat_On_site;Acoperis_Inclinat_On_site_AIs;Termoizolatie_AIs;Isover Forte 0,034 250mm; 	250,00 ; 	1,00 ;Termoizolație Vată Minerală de Sticlă Isover Forte λ = 0,034 W/mK 250 mm;;
Structuri Timberframe;Acoperis;Acoperis_Inclinat_On_site;Acoperis_Inclinat_On_site_AIs;Termoizolatie_AIs;Isover Superprofi 0,032 150mm; 	150,00 ; 	1,00 ;Termoizolație Vată Minerală de Sticlă Isover Superprofi λ = 0,032 W/mK 150 mm;;
Structuri Timberframe;Acoperis;Acoperis_Inclinat_On_site;Acoperis_Inclinat_On_site_AIs;Termoizolatie_AIs;Isover Superprofi 0,032 200mm; 	200,00 ; 	1,00 ;Termoizolație Vată Minerală de Sticlă Isover Superprofi λ = 0,032 W/mK 200 mm;;
Structuri Timberframe;Acoperis;Acoperis_Inclinat_On_site;Acoperis_Inclinat_On_site_AIs;Termoizolatie_AIs;Isover Superprofi 0,032 250mm; 	250,00 ; 	1,00 ;Termoizolație Vată Minerală de Sticlă Isover Superprofi λ = 0,032 W/mK 250 mm;;
Structuri Timberframe;Acoperis;Acoperis_Inclinat_On_site;Acoperis_Inclinat_On_site_AIs;Termoizolatie_AIs;Steico Flex 140mm; 	140,00 ; 	1,00 ;Termoizolație Fibră de Lemn Steico Flex λ = 0,038 W/mK 140 mm;;
Structuri Timberframe;Acoperis;Acoperis_Inclinat_On_site;Acoperis_Inclinat_On_site_AIs;Termoizolatie_AIs;Steico Flex 200mm; 	200,00 ; 	1,00 ;Termoizolație Fibră de Lemn Steico Flex λ = 0,038 W/mK 200 mm;;
Structuri Timberframe;Acoperis;Acoperis_Inclinat_On_site;Acoperis_Inclinat_On_site_AIs;Termoizolatie_AIs;Steico Flex 240mm; 	240,00 ; 	1,00 ;Termoizolație Fibră de Lemn Steico Flex λ = 0,038 W/mK 240 mm;;
Structuri Timberframe;Acoperis;Acoperis_Inclinat_On_site;Acoperis_Inclinat_On_site_AIs;Termoizolatie_AIs;BEST WOOD FLEX 50 0.037W/mk 140mm; 	140,00 ; 	1,00 ;Termoizolație Fibră de Lemn Best Wood Flex 50 λ = 0,037 W/mK 140 mm;;
Structuri Timberframe;Acoperis;Acoperis_Inclinat_On_site;Acoperis_Inclinat_On_site_AIs;Termoizolatie_AIs;BEST WOOD FLEX 50 0.037W/mk 200mm; 	200,00 ; 	1,00 ;Termoizolație Fibră de Lemn Best Wood Flex 50 λ = 0,037 W/mK 200 mm;;
Structuri Timberframe;Acoperis;Acoperis_Inclinat_On_site;Acoperis_Inclinat_On_site_AIs;Termoizolatie_AIs;BEST WOOD FLEX 50 0.037W/mk 240mm; 	240,00 ; 	1,00 ;Termoizolație Fibră de Lemn Best Wood Flex 50 λ = 0,037 W/mK 240 mm;;
Structuri Timberframe;Acoperis;Acoperis_Inclinat_On_site;Acoperis_Inclinat_On_site_AIs;Placari_sus_structura_Ais;OSB 12mm; 	12,00 ; 	1,00 ;OSB 3 12 mm;;
Structuri Timberframe;Acoperis;Acoperis_Inclinat_On_site;Acoperis_Inclinat_On_site_AIs;Placari_sus_structura_Ais;OSB 15mm; 	15,00 ; 	1,00 ;OSB 3 15 mm;;
Structuri Timberframe;Acoperis;Acoperis_Inclinat_On_site;Acoperis_Inclinat_On_site_AIs;Placari_sus_structura_Ais;DHF 15mm; 	15,00 ; 	1,00 ;DHF 15 mm;;
Structuri Timberframe;Acoperis;Acoperis_Inclinat_On_site;Acoperis_Inclinat_On_site_AIs;Placari_sus_structura_Ais;Caroiaj; 	38,00 ; 	1,00 ;Caroiaj  38 mm;;
Structuri Timberframe;Acoperis;Acoperis_Inclinat_On_site;Acoperis_Inclinat_On_site_AIs;Placari_sus_structura_Ais;Scandura oarba; 	22,00 ; 	1,00 ;Scândură oarbă  22 mm ;;
Structuri Timberframe;Acoperis;Acoperis_Inclinat_On_site;Acoperis_Inclinat_On_site_AIs;Placari_sus_structura_Ais;Fibra de lemn ; 	60,00 ; 	1,00 ;Fibră de Lemn 60 mm ;;
Structuri Timberframe;Acoperis;Acoperis_Inclinat_On_site;Acoperis_Inclinat_On_site_AIs;Placari_sus_structura_Ais;FT; 	-   ; 	1,00 ;Folie Permisivă la Transferul de Vapori;;
Structuri Timberframe;Acoperis;Acoperis_Plat_Prefab;Acoperis_Plat_Prefab_APp;Structura_lemn_APp;60x200 C; 	200,00 ; 	1,00 ;Structură lemn C24 60x200 mm;;
Structuri Timberframe;Acoperis;Acoperis_Plat_Prefab;Acoperis_Plat_Prefab_APp;Structura_lemn_APp;60x240 C; 	240,00 ; 	1,00 ;Structură lemn C24 60x240 mm;;
Structuri Timberframe;Acoperis;Acoperis_Plat_Prefab;Acoperis_Plat_Prefab_APp;Structura_lemn_APp;80x240 C; 	240,00 ; 	1,00 ;Structură lemn C24 80x240 mm;;
Structuri Timberframe;Acoperis;Acoperis_Plat_Prefab;Acoperis_Plat_Prefab_APp;Placari_jos_structura_App;OSB 12mm; 	12,00 ; 	1,00 ;OSB 3 12 mm;;
Structuri Timberframe;Acoperis;Acoperis_Plat_Prefab;Acoperis_Plat_Prefab_APp;Placari_jos_structura_App;FBV; 	-   ; 	1,00 ;Folie Barieră de Vapori;;
Structuri Timberframe;Acoperis;Acoperis_Plat_Prefab;Acoperis_Plat_Prefab_APp;Termoizolatie_APp;Rockwool Mutirock 0,037 200mm; 	200,00 ; 	1,00 ;Termoizolație Vată Bazaltică Rockwool Multirock λ = 0,037 W/mK 200 mm;;
Structuri Timberframe;Acoperis;Acoperis_Plat_Prefab;Acoperis_Plat_Prefab_APp;Termoizolatie_APp;Rockwool Mutirock 0,037 250mm; 	250,00 ; 	1,00 ;Termoizolație Vată Bazaltică Rockwool Multirock λ = 0,037 W/mK 250 mm;;
Structuri Timberframe;Acoperis;Acoperis_Plat_Prefab;Acoperis_Plat_Prefab_APp;Termoizolatie_APp;Rockwool Airrock ND λ = 0.035 W/mk 200mm; 	200,00 ; 	1,00 ;Termoizolație Vată Bazaltică Rockwool Airrock ND λ = 0,035 W/mK 200 mm;;
Structuri Timberframe;Acoperis;Acoperis_Plat_Prefab;Acoperis_Plat_Prefab_APp;Termoizolatie_APp;Rockwool Airrock ND λ = 0.035 W/mk 250mm; 	250,00 ; 	1,00 ;Termoizolație Vată Bazaltică Rockwool Airrock ND λ = 0,035 W/mK 250 mm;;
Structuri Timberframe;Acoperis;Acoperis_Plat_Prefab;Acoperis_Plat_Prefab_APp;Termoizolatie_APp;Isover Forte 0,034 200mm; 	200,00 ; 	1,00 ;Termoizolație Vată Minerală de Sticlă Isover Forte λ = 0,034 W/mK 200 mm;;
Structuri Timberframe;Acoperis;Acoperis_Plat_Prefab;Acoperis_Plat_Prefab_APp;Termoizolatie_APp;Isover Forte 0,034 250mm; 	250,00 ; 	1,00 ;Termoizolație Vată Minerală de Sticlă Isover Forte λ = 0,034 W/mK 250 mm;;
Structuri Timberframe;Acoperis;Acoperis_Plat_Prefab;Acoperis_Plat_Prefab_APp;Termoizolatie_APp;Isover Superprofi 0,032 200mm; 	200,00 ; 	1,00 ;Termoizolație Vată Minerală de Sticlă Isover Superprofi λ = 0,032 W/mK 200 mm;;
Structuri Timberframe;Acoperis;Acoperis_Plat_Prefab;Acoperis_Plat_Prefab_APp;Termoizolatie_APp;Isover Superprofi 0,032 250mm; 	250,00 ; 	1,00 ;Termoizolație Vată Minerală de Sticlă Isover Superprofi λ = 0,032 W/mK 250 mm;;
Structuri Timberframe;Acoperis;Acoperis_Plat_Prefab;Acoperis_Plat_Prefab_APp;Termoizolatie_APp;Steico Flex 200mm; 	200,00 ; 	1,00 ;Termoizolație Fibră de Lemn Steico Flex λ = 0,038 W/mK 200 mm;;
Structuri Timberframe;Acoperis;Acoperis_Plat_Prefab;Acoperis_Plat_Prefab_APp;Termoizolatie_APp;Steico Flex 240mm; 	240,00 ; 	1,00 ;Termoizolație Fibră de Lemn Steico Flex λ = 0,038 W/mK 240 mm;;
Structuri Timberframe;Acoperis;Acoperis_Plat_Prefab;Acoperis_Plat_Prefab_APp;Termoizolatie_APp;BEST WOOD FLEX 50 0.037W/mk 200mm; 	200,00 ; 	1,00 ;Termoizolație Fibră de Lemn Best Wood Flex 50 λ = 0,037 W/mK 200 mm;;
Structuri Timberframe;Acoperis;Acoperis_Plat_Prefab;Acoperis_Plat_Prefab_APp;Termoizolatie_APp;BEST WOOD FLEX 50 0.037W/mk 240mm; 	240,00 ; 	1,00 ;Termoizolație Fibră de Lemn Best Wood Flex 50 λ = 0,037 W/mK 240 mm;;
Structuri Timberframe;Acoperis;Acoperis_Plat_Prefab;Acoperis_Plat_Prefab_APp;Placari_sus_structura_APp;DHF 15mm; 	15,00 ; 	1,00 ;DHF 15 mm;;
Structuri Timberframe;Acoperis;Acoperis_Plat_Prefab;Acoperis_Plat_Prefab_APp;Placari_sus_structura_APp;FT; 	-   ; 	1,00 ;Folie Permisivă la Transferul de Vapori;;
Structuri Timberframe;Acoperis;Acoperis_Plat_Prefab;Acoperis_Plat_Prefab_APp;Placari_sus_structura_APp;Scandura oarba; 	22,00 ; 	1,00 ;Scândură oarbă 22 mm ;;
Structuri Timberframe;Acoperis;Acoperis_Plat_Prefab;Acoperis_Plat_Prefab_APp;Placari_sus_structura_APp;OSB 18mm; 	18,00 ; 	1,00 ;OSB 3 18 mm;;
Structuri Timberframe;Acoperis;Acoperis_Plat_Prefab;Acoperis_Plat_Prefab_APp;Placari_sus_structura_APp;OSB 22mm; 	22,00 ; 	1,00 ;OSB 3 22 mm;;
Structuri Timberframe;Acoperis;Acoperis_Plat_Prefab;Acoperis_Plat_Prefab_APp;Placari_sus_structura_APp;Friz cu panta;;;;;
Structuri Timberframe;Acoperis;Acoperis_Plat_On_site;Acoperis_Plat_On_site_APs;Structura_lemn_APs;60x200 C; 	200,00 ; 	1,00 ;Structură lemn C24 60x200 mm;;
Structuri Timberframe;Acoperis;Acoperis_Plat_On_site;Acoperis_Plat_On_site_APs;Structura_lemn_APs;60x240 C; 	240,00 ; 	1,00 ;Structură lemn C24 60x240 mm;;
Structuri Timberframe;Acoperis;Acoperis_Plat_On_site;Acoperis_Plat_On_site_APs;Structura_lemn_APs;80x240 C; 	240,00 ; 	1,00 ;Structură lemn C24 80x240 mm;;
Structuri Timberframe;Acoperis;Acoperis_Plat_On_site;Acoperis_Plat_On_site_APs;Placari_jos_structura_APs;OSB 12mm; 	12,00 ; 	1,00 ;OSB 3 12 mm;;
Structuri Timberframe;Acoperis;Acoperis_Plat_On_site;Acoperis_Plat_On_site_APs;Placari_jos_structura_APs;FBV; 	-   ; 	1,00 ;Folie Barieră de Vapori;;
Structuri Timberframe;Acoperis;Acoperis_Plat_On_site;Acoperis_Plat_On_site_APs;Termoizolatie_APs;Rockwool Mutirock 0,037 200mm; 	200,00 ; 	1,00 ;Termoizolație Vată Bazaltică Rockwool Multirock λ = 0,037 W/mK 200 mm;;
Structuri Timberframe;Acoperis;Acoperis_Plat_On_site;Acoperis_Plat_On_site_APs;Termoizolatie_APs;Rockwool Mutirock 0,037 250mm; 	250,00 ; 	1,00 ;Termoizolație Vată Bazaltică Rockwool Multirock λ = 0,037 W/mK 250 mm;;
Structuri Timberframe;Acoperis;Acoperis_Plat_On_site;Acoperis_Plat_On_site_APs;Termoizolatie_APs;Rockwool Airrock ND λ = 0.035 W/mk 200mm; 	200,00 ; 	1,00 ;Termoizolație Vată Bazaltică Rockwool Airrock ND λ = 0,035 W/mK 200 mm;;
Structuri Timberframe;Acoperis;Acoperis_Plat_On_site;Acoperis_Plat_On_site_APs;Termoizolatie_APs;Rockwool Airrock ND λ = 0.035 W/mk 250mm; 	250,00 ; 	1,00 ;Termoizolație Vată Bazaltică Rockwool Airrock ND λ = 0,035 W/mK 250 mm;;
Structuri Timberframe;Acoperis;Acoperis_Plat_On_site;Acoperis_Plat_On_site_APs;Termoizolatie_APs;Isover Forte 0,034 200mm; 	200,00 ; 	1,00 ;Termoizolație Vată Minerală de Sticlă Isover Forte λ = 0,034 W/mK 200 mm;;
Structuri Timberframe;Acoperis;Acoperis_Plat_On_site;Acoperis_Plat_On_site_APs;Termoizolatie_APs;Isover Forte 0,034 250mm; 	250,00 ; 	1,00 ;Termoizolație Vată Minerală de Sticlă Isover Forte λ = 0,034 W/mK 250 mm;;
Structuri Timberframe;Acoperis;Acoperis_Plat_On_site;Acoperis_Plat_On_site_APs;Termoizolatie_APs;Isover Superprofi 0,032 200mm; 	200,00 ; 	1,00 ;Termoizolație Vată Minerală de Sticlă Isover Superprofi λ = 0,032 W/mK 200 mm;;
Structuri Timberframe;Acoperis;Acoperis_Plat_On_site;Acoperis_Plat_On_site_APs;Termoizolatie_APs;Isover Superprofi 0,032 250mm; 	250,00 ; 	1,00 ;Termoizolație Vată Minerală de Sticlă Isover Superprofi λ = 0,032 W/mK 250 mm;;
Structuri Timberframe;Acoperis;Acoperis_Plat_On_site;Acoperis_Plat_On_site_APs;Termoizolatie_APs;Steico Flex 200mm; 	200,00 ; 	1,00 ;Termoizolație Fibră de Lemn Steico Flex λ = 0,038 W/mK 200 mm;;
Structuri Timberframe;Acoperis;Acoperis_Plat_On_site;Acoperis_Plat_On_site_APs;Termoizolatie_APs;Steico Flex 240mm; 	240,00 ; 	1,00 ;Termoizolație Fibră de Lemn Steico Flex λ = 0,038 W/mK 240 mm;;
Structuri Timberframe;Acoperis;Acoperis_Plat_On_site;Acoperis_Plat_On_site_APs;Termoizolatie_APs;BEST WOOD FLEX 50 0.037W/mk 200mm; 	200,00 ; 	1,00 ;Termoizolație Fibră de Lemn Best Wood Flex 50 λ = 0,037 W/mK 200 mm;;
Structuri Timberframe;Acoperis;Acoperis_Plat_On_site;Acoperis_Plat_On_site_APs;Termoizolatie_APs;BEST WOOD FLEX 50 0.037W/mk 240mm; 	240,00 ; 	1,00 ;Termoizolație Fibră de Lemn Best Wood Flex 50 λ = 0,037 W/mK 240 mm;;
Structuri Timberframe;Acoperis;Acoperis_Plat_On_site;Acoperis_Plat_On_site_APs;Placari_sus_structura_APs;DHF 15mm; 	15,00 ; 	1,00 ;DHF 15 mm;;
Structuri Timberframe;Acoperis;Acoperis_Plat_On_site;Acoperis_Plat_On_site_APs;Placari_sus_structura_APs;FT; 	-   ; 	1,00 ;Folie Permisivă la Transferul de Vapori;;
Structuri Timberframe;Acoperis;Acoperis_Plat_On_site;Acoperis_Plat_On_site_APs;Placari_sus_structura_APs;Scandura oarba; 	22,00 ; 	1,00 ;Scândură oarbă  22 mm ;;
Structuri Timberframe;Acoperis;Acoperis_Plat_On_site;Acoperis_Plat_On_site_APs;Placari_sus_structura_APs;OSB 18mm; 	18,00 ; 	1,00 ;OSB 3 18 mm;;
Structuri Timberframe;Acoperis;Acoperis_Plat_On_site;Acoperis_Plat_On_site_APs;Placari_sus_structura_APs;OSB 22mm; 	22,00 ; 	1,00 ;OSB 3 22 mm;;
Structuri Timberframe;Acoperis;Acoperis_Plat_On_site;Acoperis_Plat_On_site_APs;Placari_sus_structura_APs;Friz cu panta;;;;;
Structuri Timberframe;Acoperis;Acoperis_Zona_Streasina_Prefab;Acoperis_Zona_Streasina_Prefab_AZSp;Structura_lemn_AZSp;45x200 C; 	200,00 ; 	1,00 ;Structură lemn C24 45x200 mm;;
Structuri Timberframe;Acoperis;Acoperis_Zona_Streasina_Prefab;Acoperis_Zona_Streasina_Prefab_AZSp;Structura_lemn_AZSp;45x240 C; 	240,00 ; 	1,00 ;Structură lemn C24 45x240 mm;;
Structuri Timberframe;Acoperis;Acoperis_Zona_Streasina_Prefab;Acoperis_Zona_Streasina_Prefab_AZSp;Structura_lemn_AZSp;60x150 C; 	150,00 ; 	1,00 ;Structură lemn C24 60x150 mm;;
Structuri Timberframe;Acoperis;Acoperis_Zona_Streasina_Prefab;Acoperis_Zona_Streasina_Prefab_AZSp;Structura_lemn_AZSp;60x200 C; 	200,00 ; 	1,00 ;Structură lemn C24 60x200 mm;;
Structuri Timberframe;Acoperis;Acoperis_Zona_Streasina_Prefab;Acoperis_Zona_Streasina_Prefab_AZSp;Structura_lemn_AZSp;60x240 C; 	240,00 ; 	1,00 ;Structură lemn C24 60x240 mm;;
Structuri Timberframe;Acoperis;Acoperis_Zona_Streasina_Prefab;Acoperis_Zona_Streasina_Prefab_AZSp;Structura_lemn_AZSp;80x200 C; 	200,00 ; 	1,00 ;Structură lemn C24 80x200 mm ;;
Structuri Timberframe;Acoperis;Acoperis_Zona_Streasina_Prefab;Acoperis_Zona_Streasina_Prefab_AZSp;Structura_lemn_AZSp;80x240 C; 	240,00 ; 	1,00 ;Structură lemn C24 80x240 mm;;
Structuri Timberframe;Acoperis;Acoperis_Zona_Streasina_Prefab;Acoperis_Zona_Streasina_Prefab_AZSp;Structura_lemn_AZSp;100x160 - 140x280;;;Structură lemn C24 100x160 - 140x280 mm;;
Structuri Timberframe;Acoperis;Acoperis_Zona_Streasina_Prefab;Acoperis_Zona_Streasina_Prefab_AZSp;Placari_jos_structura_AZSp;Aquapanel tencuit; 	12,50 ; 	1,00 ;Placă de Ciment Knauf Aquapanel tencuit 12,5 mm;;
Structuri Timberframe;Acoperis;Acoperis_Zona_Streasina_Prefab;Acoperis_Zona_Streasina_Prefab_AZSp;Placari_jos_structura_AZSp;Lambriu pe sub capriori; 	19,00 ; 	1,00 ;Lambriu pe sub căpriori 19 mm;;
Structuri Timberframe;Acoperis;Acoperis_Zona_Streasina_Prefab;Acoperis_Zona_Streasina_Prefab_AZSp;Placari_sus_structura_AZSp;Lambriu peste capriori; 	19,00 ; 	1,00 ;Lambriu peste căpriori 19 mm;;
Structuri Timberframe;Acoperis;Acoperis_Zona_Streasina_Prefab;Acoperis_Zona_Streasina_Prefab_AZSp;Placari_sus_structura_AZSp;FT; 	-   ; 	1,00 ;Folie Permisivă la Transferul de Vapori;;
Structuri Timberframe;Acoperis;Acoperis_Zona_Streasina_Prefab;Acoperis_Zona_Streasina_Prefab_AZSp;Placari_sus_structura_AZSp;Caroiaj; 	38,00 ; 	1,00 ;Caroiaj 38 mm;;
Structuri Timberframe;Acoperis;Acoperis_Zona_Streasina_Prefab;Acoperis_Zona_Streasina_Prefab_AZSp;Placari_sus_structura_AZSp;Fibra de lemn ; 	60,00 ; 	1,00 ;Fibră de Lemn 60 mm ;;
Structuri Timberframe;Acoperis;Acoperis_Zona_Streasina_On_site;Acoperis_Zona_Streasina_On_site_AZSs;Structura_lemn_AZSs;45x200 C; 	200,00 ; 	1,00 ;Structură lemn C24 45x200 mm;;
Structuri Timberframe;Acoperis;Acoperis_Zona_Streasina_On_site;Acoperis_Zona_Streasina_On_site_AZSs;Structura_lemn_AZSs;45x240 C; 	240,00 ; 	1,00 ;Structură lemn C24 45x240 mm;;
Structuri Timberframe;Acoperis;Acoperis_Zona_Streasina_On_site;Acoperis_Zona_Streasina_On_site_AZSs;Structura_lemn_AZSs;60x150 C; 	150,00 ; 	1,00 ;Structură lemn C24 60x150 mm;;
Structuri Timberframe;Acoperis;Acoperis_Zona_Streasina_On_site;Acoperis_Zona_Streasina_On_site_AZSs;Structura_lemn_AZSs;60x200 C; 	200,00 ; 	1,00 ;Structură lemn C24 60x200 mm;;
Structuri Timberframe;Acoperis;Acoperis_Zona_Streasina_On_site;Acoperis_Zona_Streasina_On_site_AZSs;Structura_lemn_AZSs;60x240 C; 	240,00 ; 	1,00 ;Structură lemn C24 60x240 mm;;
Structuri Timberframe;Acoperis;Acoperis_Zona_Streasina_On_site;Acoperis_Zona_Streasina_On_site_AZSs;Structura_lemn_AZSs;80x200 C; 	200,00 ; 	1,00 ;Structură lemn C24 80x200 mm ;;
Structuri Timberframe;Acoperis;Acoperis_Zona_Streasina_On_site;Acoperis_Zona_Streasina_On_site_AZSs;Structura_lemn_AZSs;80x240 C; 	240,00 ; 	1,00 ;Structură lemn C24 80x240 mm;;
Structuri Timberframe;Acoperis;Acoperis_Zona_Streasina_On_site;Acoperis_Zona_Streasina_On_site_AZSs;Structura_lemn_AZSs;100x160 - 140x280;;;Structură lemn C24 100x160 - 140x280 mm;;
Structuri Timberframe;Acoperis;Acoperis_Zona_Streasina_On_site;Acoperis_Zona_Streasina_On_site_AZSs;Placari_jos_structura_AZSs;Aquapanel tencuit; 	12,50 ; 	1,00 ;Placă de Ciment Knauf Aquapanel tencuit 12,5 mm;;
Structuri Timberframe;Acoperis;Acoperis_Zona_Streasina_On_site;Acoperis_Zona_Streasina_On_site_AZSs;Placari_jos_structura_AZSs;Lambriu pe sub capriori; 	19,00 ; 	1,00 ;Lambriu sub căpriori 19 mm;;
Structuri Timberframe;Acoperis;Acoperis_Zona_Streasina_On_site;Acoperis_Zona_Streasina_On_site_AZSs;Placari_sus_structura_AZSs;Lambriu peste capriori; 	19,00 ; 	1,00 ;Lambriu peste căpriori 19 mm;;
Structuri Timberframe;Acoperis;Acoperis_Zona_Streasina_On_site;Acoperis_Zona_Streasina_On_site_AZSs;Placari_sus_structura_AZSs;FT; 	-   ; 	1,00 ;Folie Permisivă la Transferul de Vapori;;
Structuri Timberframe;Acoperis;Acoperis_Zona_Streasina_On_site;Acoperis_Zona_Streasina_On_site_AZSs;Placari_sus_structura_AZSs;Caroiaj; 	38,00 ; 	1,00 ;Caroiaj 38 mm;;
Structuri Timberframe;Acoperis;Acoperis_Zona_Streasina_On_site;Acoperis_Zona_Streasina_On_site_AZSs;Placari_sus_structura_AZSs;Fibra de lemn ; 	60,00 ; 	1,00 ;Fibră de Lemn 60 mm ;;
Structuri Timberframe;Acoperis;Accesorii_acoperis;Termoizolatie_Suplimentara_Acoperis_Prefab_TSAp;Structura_lemn_TSAp;45x100 C; 	100,00 ; 	1,00 ;Structură lemn C24 45x100 mm;;
Structuri Timberframe;Acoperis;Accesorii_acoperis;Termoizolatie_Suplimentara_Acoperis_Prefab_TSAp;Structura_lemn_TSAp;45x150 C; 	150,00 ; 	1,00 ;Structură lemn C24 45x150 mm ;;
Structuri Timberframe;Acoperis;Accesorii_acoperis;Termoizolatie_Suplimentara_Acoperis_Prefab_TSAp;Structura_lemn_TSAp;45x200 C; 	200,00 ; 	1,00 ;Structură lemn C24 45x200 mm;;
Structuri Timberframe;Acoperis;Accesorii_acoperis;Termoizolatie_Suplimentara_Acoperis_Prefab_TSAp;Termoizolatie_TSAp;Rockwool Mutirock 0,037 150mm; 	150,00 ; 	1,00 ;Termoizolație Vată Bazaltică Rockwool Multirock λ = 0,037 W/mK 150 mm;;
Structuri Timberframe;Acoperis;Accesorii_acoperis;Termoizolatie_Suplimentara_Acoperis_Prefab_TSAp;Termoizolatie_TSAp;Rockwool Mutirock 0,037 200mm; 	200,00 ; 	1,00 ;Termoizolație Vată Bazaltică Rockwool Multirock λ = 0,037 W/mK 200 mm;;
Structuri Timberframe;Acoperis;Accesorii_acoperis;Termoizolatie_Suplimentara_Acoperis_Prefab_TSAp;Termoizolatie_TSAp;Rockwool Mutirock 0,037 100mm; 	100,00 ; 	1,00 ;Termoizolație Vată Bazaltică Rockwool Multirock λ = 0,037 W/mK 100 mm;;
Structuri Timberframe;Acoperis;Accesorii_acoperis;Termoizolatie_Suplimentara_Acoperis_Prefab_TSAp;Termoizolatie_TSAp;Rockwool Airrock ND λ = 0.035 W/mk 140mm; 	140,00 ; 	1,00 ;Termoizolație Vată Bazaltică Rockwool Airrock ND λ = 0,035 W/mK 140 mm;;
Structuri Timberframe;Acoperis;Accesorii_acoperis;Termoizolatie_Suplimentara_Acoperis_Prefab_TSAp;Termoizolatie_TSAp;Rockwool Airrock ND λ = 0.035 W/mk 200mm; 	200,00 ; 	1,00 ;Termoizolație Vată Bazaltică Rockwool Airrock ND λ = 0,035 W/mK 200 mm;;
Structuri Timberframe;Acoperis;Accesorii_acoperis;Termoizolatie_Suplimentara_Acoperis_Prefab_TSAp;Termoizolatie_TSAp;Rockwool Airrock ND λ = 0.035 W/mk 100mm; 	100,00 ; 	1,00 ;Termoizolație Vată Bazaltică Rockwool Airrock ND λ = 0,035 W/mK 100 mm;;
Structuri Timberframe;Acoperis;Accesorii_acoperis;Termoizolatie_Suplimentara_Acoperis_Prefab_TSAp;Termoizolatie_TSAp;Isover Forte 0,034 150mm; 	150,00 ; 	1,00 ;Termoizolație Vată Minerală de Sticlă Isover Forte λ = 0,034 W/mK 150 mm;;
Structuri Timberframe;Acoperis;Accesorii_acoperis;Termoizolatie_Suplimentara_Acoperis_Prefab_TSAp;Termoizolatie_TSAp;Isover Forte 0,034 200mm; 	200,00 ; 	1,00 ;Termoizolație Vată Minerală de Sticlă Isover Forte λ = 0,034 W/mK 200 mm;;
Structuri Timberframe;Acoperis;Accesorii_acoperis;Termoizolatie_Suplimentara_Acoperis_Prefab_TSAp;Termoizolatie_TSAp;Isover Forte 0,034 100mm; 	100,00 ; 	1,00 ;Termoizolație Vată Minerală de Sticlă Isover Forte λ = 0,034 W/mK 100 mm;;
Structuri Timberframe;Acoperis;Accesorii_acoperis;Termoizolatie_Suplimentara_Acoperis_Prefab_TSAp;Termoizolatie_TSAp;Isover Superprofi 0,032 150mm; 	150,00 ; 	1,00 ;Termoizolație Vată Minerală de Sticlă Isover Superprofi λ = 0,032 W/mK 150 mm;;
Structuri Timberframe;Acoperis;Accesorii_acoperis;Termoizolatie_Suplimentara_Acoperis_Prefab_TSAp;Termoizolatie_TSAp;Isover Superprofi 0,032 200mm; 	200,00 ; 	1,00 ;Termoizolație Vată Minerală de Sticlă Isover Superprofi λ = 0,032 W/mK 200 mm;;
Structuri Timberframe;Acoperis;Accesorii_acoperis;Termoizolatie_Suplimentara_Acoperis_Prefab_TSAp;Termoizolatie_TSAp;Isover Superprofi 0,032 100mm; 	100,00 ; 	1,00 ;Termoizolație Vată Minerală de Sticlă Isover Superprofi λ = 0,032 W/mK 100 mm;;
Structuri Timberframe;Acoperis;Accesorii_acoperis;Termoizolatie_Suplimentara_Acoperis_Prefab_TSAp;Termoizolatie_TSAp;Steico Flex 140mm; 	140,00 ; 	1,00 ;Termoizolație Fibră de Lemn Steico Flex λ = 0,038 W/mK 140 mm;;
Structuri Timberframe;Acoperis;Accesorii_acoperis;Termoizolatie_Suplimentara_Acoperis_Prefab_TSAp;Termoizolatie_TSAp;Steico Flex 200mm; 	200,00 ; 	1,00 ;Termoizolație Fibră de Lemn Steico Flex λ = 0,038 W/mK 200 mm;;
Structuri Timberframe;Acoperis;Accesorii_acoperis;Termoizolatie_Suplimentara_Acoperis_Prefab_TSAp;Termoizolatie_TSAp;Steico Flex 100mm; 	100,00 ; 	1,00 ;Termoizolație Fibră de Lemn Steico Flex λ = 0,038 W/mK 100 mm;;
Structuri Timberframe;Acoperis;Accesorii_acoperis;Termoizolatie_Suplimentara_Acoperis_Prefab_TSAp;Termoizolatie_TSAp;BEST WOOD FLEX 50 0.037W/mk 140mm; 	140,00 ; 	1,00 ;Termoizolație Fibră de Lemn Best Wood Flex 50 λ = 0,037 W/mK 140 mm;;
Structuri Timberframe;Acoperis;Accesorii_acoperis;Termoizolatie_Suplimentara_Acoperis_Prefab_TSAp;Termoizolatie_TSAp;BEST WOOD FLEX 50 0.037W/mk 200mm; 	200,00 ; 	1,00 ;Termoizolație Fibră de Lemn Best Wood Flex 50 λ = 0,037 W/mK 200 mm;;
Structuri Timberframe;Acoperis;Accesorii_acoperis;Termoizolatie_Suplimentara_Acoperis_Prefab_TSAp;Termoizolatie_TSAp;BEST WOOD FLEX 50 0.037W/mk 100mm; 	100,00 ; 	1,00 ;Termoizolație Fibră de Lemn Best Wood Flex 50 λ = 0,037 W/mK 100 mm;;
Structuri Timberframe;Acoperis;Accesorii_acoperis;Termoizolatie_Suplimentara_Acoperis_On_site_TSAs;Structura_lemn_TSAs;45x100 C; 	100,00 ; 	1,00 ;Structură lemn C24 45x100 mm;;
Structuri Timberframe;Acoperis;Accesorii_acoperis;Termoizolatie_Suplimentara_Acoperis_On_site_TSAs;Structura_lemn_TSAs;45x150 C; 	150,00 ; 	1,00 ;Structură lemn C24 45x150 mm ;;
Structuri Timberframe;Acoperis;Accesorii_acoperis;Termoizolatie_Suplimentara_Acoperis_On_site_TSAs;Structura_lemn_TSAs;45x200 C; 	200,00 ; 	1,00 ;Structură lemn C24 45x200 mm;;
Structuri Timberframe;Acoperis;Accesorii_acoperis;Termoizolatie_Suplimentara_Acoperis_On_site_TSAs;Termoizolatie_TSAs;Rockwool Mutirock 0,037 150mm; 	150,00 ; 	1,00 ;Termoizolație Vată Bazaltică Rockwool Multirock λ = 0,037 W/mK 150 mm;;
Structuri Timberframe;Acoperis;Accesorii_acoperis;Termoizolatie_Suplimentara_Acoperis_On_site_TSAs;Termoizolatie_TSAs;Rockwool Mutirock 0,037 200mm; 	200,00 ; 	1,00 ;Termoizolație Vată Bazaltică Rockwool Multirock λ = 0,037 W/mK 200 mm;;
Structuri Timberframe;Acoperis;Accesorii_acoperis;Termoizolatie_Suplimentara_Acoperis_On_site_TSAs;Termoizolatie_TSAs;Rockwool Mutirock 0,037 100mm; 	100,00 ; 	1,00 ;Termoizolație Vată Bazaltică Rockwool Multirock λ = 0,037 W/mK 100 mm;;
Structuri Timberframe;Acoperis;Accesorii_acoperis;Termoizolatie_Suplimentara_Acoperis_On_site_TSAs;Termoizolatie_TSAs;Rockwool Airrock ND λ = 0.035 W/mk 140mm; 	140,00 ; 	1,00 ;Termoizolație Vată Bazaltică Rockwool Airrock ND λ = 0,035 W/mK 140 mm;;
Structuri Timberframe;Acoperis;Accesorii_acoperis;Termoizolatie_Suplimentara_Acoperis_On_site_TSAs;Termoizolatie_TSAs;Rockwool Airrock ND λ = 0.035 W/mk 200mm; 	200,00 ; 	1,00 ;Termoizolație Vată Bazaltică Rockwool Airrock ND λ = 0,035 W/mK 200 mm;;
Structuri Timberframe;Acoperis;Accesorii_acoperis;Termoizolatie_Suplimentara_Acoperis_On_site_TSAs;Termoizolatie_TSAs;Rockwool Airrock ND λ = 0.035 W/mk 100mm; 	100,00 ; 	1,00 ;Termoizolație Vată Bazaltică Rockwool Airrock ND λ = 0,035 W/mK 100 mm;;
Structuri Timberframe;Acoperis;Accesorii_acoperis;Termoizolatie_Suplimentara_Acoperis_On_site_TSAs;Termoizolatie_TSAs;Isover Forte 0,034 150mm; 	150,00 ; 	1,00 ;Termoizolație Vată Minerală de Sticlă Isover Forte λ = 0,034 W/mK 150 mm;;
Structuri Timberframe;Acoperis;Accesorii_acoperis;Termoizolatie_Suplimentara_Acoperis_On_site_TSAs;Termoizolatie_TSAs;Isover Forte 0,034 200mm; 	200,00 ; 	1,00 ;Termoizolație Vată Minerală de Sticlă Isover Forte λ = 0,034 W/mK 200 mm;;
Structuri Timberframe;Acoperis;Accesorii_acoperis;Termoizolatie_Suplimentara_Acoperis_On_site_TSAs;Termoizolatie_TSAs;Isover Forte 0,034 100mm; 	100,00 ; 	1,00 ;Termoizolație Vată Minerală de Sticlă Isover Forte λ = 0,034 W/mK 100 mm;;
Structuri Timberframe;Acoperis;Accesorii_acoperis;Termoizolatie_Suplimentara_Acoperis_On_site_TSAs;Termoizolatie_TSAs;Isover Superprofi 0,032 150mm; 	150,00 ; 	1,00 ;Termoizolație Vată Minerală de Sticlă Isover Superprofi λ = 0,032 W/mK 150 mm;;
Structuri Timberframe;Acoperis;Accesorii_acoperis;Termoizolatie_Suplimentara_Acoperis_On_site_TSAs;Termoizolatie_TSAs;Isover Superprofi 0,032 200mm; 	200,00 ; 	1,00 ;Termoizolație Vată Minerală de Sticlă Isover Superprofi λ = 0,032 W/mK 200 mm;;
Structuri Timberframe;Acoperis;Accesorii_acoperis;Termoizolatie_Suplimentara_Acoperis_On_site_TSAs;Termoizolatie_TSAs;Isover Superprofi 0,032 100mm; 	100,00 ; 	1,00 ;Termoizolație Vată Minerală de Sticlă Isover Superprofi λ = 0,032 W/mK 100 mm;;
Structuri Timberframe;Acoperis;Accesorii_acoperis;Termoizolatie_Suplimentara_Acoperis_On_site_TSAs;Termoizolatie_TSAs;Steico Flex 140mm; 	140,00 ; 	1,00 ;Termoizolație Fibră de Lemn Steico Flex λ = 0,038 W/mK 140 mm;;
Structuri Timberframe;Acoperis;Accesorii_acoperis;Termoizolatie_Suplimentara_Acoperis_On_site_TSAs;Termoizolatie_TSAs;Steico Flex 200mm; 	200,00 ; 	1,00 ;Termoizolație Fibră de Lemn Steico Flex λ = 0,038 W/mK 200 mm;;
Structuri Timberframe;Acoperis;Accesorii_acoperis;Termoizolatie_Suplimentara_Acoperis_On_site_TSAs;Termoizolatie_TSAs;Steico Flex 100mm; 	100,00 ; 	1,00 ;Termoizolație Fibră de Lemn Steico Flex λ = 0,038 W/mK 100 mm;;
Structuri Timberframe;Acoperis;Accesorii_acoperis;Termoizolatie_Suplimentara_Acoperis_On_site_TSAs;Termoizolatie_TSAs;BEST WOOD FLEX 50 0.037W/mk 140mm; 	140,00 ; 	1,00 ;Termoizolație Fibră de Lemn Best Wood Flex 50 λ = 0,037 W/mK 140 mm;;
Structuri Timberframe;Acoperis;Accesorii_acoperis;Termoizolatie_Suplimentara_Acoperis_On_site_TSAs;Termoizolatie_TSAs;BEST WOOD FLEX 50 0.037W/mk 200mm; 	200,00 ; 	1,00 ;Termoizolație Fibră de Lemn Best Wood Flex 50 λ = 0,037 W/mK 200 mm;;
Structuri Timberframe;Acoperis;Accesorii_acoperis;Termoizolatie_Suplimentara_Acoperis_On_site_TSAs;Termoizolatie_TSAs;BEST WOOD FLEX 50 0.037W/mk 100mm; 	100,00 ; 	1,00 ;Termoizolație Fibră de Lemn Best Wood Flex 50 λ = 0,037 W/mK 100 mm;;
;Balcon_Terasa;Balcon;Balcon_B;Structura_lemn_B;45x200 C; 	200,00 ; 	1,00 ;Structură lemn C24 45x200 mm;;
;Balcon_Terasa;Balcon;Balcon_B;Structura_lemn_B;45x240 C; 	240,00 ; 	1,00 ;Structură lemn C24 45x240 mm;;
;Balcon_Terasa;Balcon;Balcon_B;Structura_lemn_B;60x200 C; 	200,00 ; 	1,00 ;Structură lemn C24 60x200 mm;;
;Balcon_Terasa;Balcon;Balcon_B;Structura_lemn_B;60x240 C; 	240,00 ; 	1,00 ;Structură lemn C24 60x240 mm;;
;Balcon_Terasa;Balcon;Balcon_B;Structura_lemn_B;80x200 C; 	200,00 ; 	1,00 ;Structură lemn C24 80x200 mm ;;
;Balcon_Terasa;Balcon;Balcon_B;Structura_lemn_B;80x200 C; 	200,00 ; 	1,00 ;Structură lemn GL24 80x200 mm ;;
;Balcon_Terasa;Balcon;Balcon_B;Structura_lemn_B;80x240 C; 	240,00 ; 	1,00 ;Structură lemn C24 80x240 mm;;
;Balcon_Terasa;Balcon;Balcon_B;Structura_lemn_B;80x240 GL; 	240,00 ; 	1,00 ;Structură lemn GL24 80x240  mm;;
;Balcon_Terasa;Balcon;Balcon_B;Structura_lemn_B;100x160 - 140x280;;;Structură lemn C24 100x160 - 140x280 mm;;
;Balcon_Terasa;Balcon;Balcon_B;Placari_jos_structura_B;Aquapanel tencuit; 	12,50 ; 	1,00 ;Placă de Ciment Knauf Aquapanel tencuit 12,5 mm;;
;Balcon_Terasa;Balcon;Balcon_B;Placari_jos_structura_B;Lambriu pe sub grinzi ; 	19,00 ; 	1,00 ;Lambriu pe sub grinzi 19 mm;;
;Balcon_Terasa;Balcon;Balcon_B;Placari_sus_structura_B;OSB 22mm NF; 	22,00 ; 	1,00 ;OSB 3 22 mm Nut și Feder;;
;Balcon_Terasa;Balcon;Balcon_B;Placari_sus_structura_B;FT; 	-   ; 	1,00 ;Folie Permisivă la Transferul de Vapori;;
;Balcon_Terasa;Balcon;Balcon_B;Placari_sus_structura_B;Deck; 	25,00 ; 	1,00 ;Pardoselă exterior Deck 25 mm;;
;Balcon_Terasa;Acoperis_Terasa;Acoperis_Terasa_ATs;Structura_lemn_ATs;60x200 C; 	200,00 ; 	1,00 ;Structură lemn C24 60x200 mm;;
;Balcon_Terasa;Acoperis_Terasa;Acoperis_Terasa_ATs;Structura_lemn_ATs;100x240 C; 	240,00 ; 	1,00 ;Structură lemn C24 100x240 mm;;
;Balcon_Terasa;Acoperis_Terasa;Acoperis_Terasa_ATs;Placari_jos_structura_ATs;Aquapanel tencuit; 	12,50 ; 	1,00 ;Placă de Ciment Knauf Aquapanel tencuit 12,5 mm;;
;Balcon_Terasa;Acoperis_Terasa;Acoperis_Terasa_ATs;Placari_jos_structura_ATs;Lambriu pe sub capriori; 	19,00 ; 	1,00 ;Lambriu pe sub căpriori 19 mm;;
;Balcon_Terasa;Acoperis_Terasa;Acoperis_Terasa_ATs;Placari_sus_structura_ATs;Lambriu peste capriori; 	19,00 ; 	1,00 ;Lambriu peste căpriori 19 mm;;
;Balcon_Terasa;Acoperis_Terasa;Acoperis_Terasa_ATs;Placari_sus_structura_ATs;FT; 	-   ; 	1,00 ;Folie Permisivă la Transferul de Vapori;;
;Balcon_Terasa;Acoperis_Terasa;Acoperis_Terasa_ATs;Placari_sus_structura_ATs;Caroiaj; 	38,00 ; 	1,00 ;Caroiaj 38 mm;;
;Balcon_Terasa;Acoperis_Terasa;Acoperis_Terasa_ATs;Placari_sus_structura_ATs;OSB 15mm; 	15,00 ; 	1,00 ;OSB 3 15 mm;;
;Balcon_Terasa;Pergola;Pergola_Ps;Structura_lemn_Ps;100x160 - 140x280;;;Structură lemn C24 100x160 - 140x280 mm;;
Achiziții materiale;;;;;;;;;;
